Clones,Anth,MB,MP,QF
BGM-0004,0.0120915562419546,0.204866442564126,0.551014508411298,0.519792144135829
BGM-0005,0.307309759784088,0.204866442564126,0.551014508411298,0.519792144135829
BGM-0006,-0.283126647300179,1.06645304787014,0.551014508411298,0.519792144135829
BGM-0014,-1.46399946146871,-0.656720162741885,-1.18148236641299,-0.933734493905579
BGM-0018,-1.46399946146871,-0.656720162741885,-0.603983408138227,-0.352323838689016
BGM-0019,-0.578344850842312,-0.656720162741885,-0.603983408138227,-0.643029166297298
BGM-0020,-0.283126647300179,-0.656720162741885,-0.315233929000846,-0.352323838689016
BGM-0021,0.0120915562419539,0.204866442564126,0.551014508411298,0.519792144135829
BGM-0022,0.307309759784088,-0.369524627639881,-0.315233929000846,-0.0616185110807345
BGM-0023,-0.578344850842312,0.204866442564126,-0.315233929000846,-0.352323838689016
BGM-0024,0.307309759784088,0.49206197766613,0.262265029273917,0.519792144135829
BGM-0025,1.19296437041049,0.204866442564126,0.551014508411298,0.519792144135829
BGM-0027,-0.578344850842312,-0.369524627639881,-0.315233929000846,-0.352323838689016
BGM-0028,-0.578344850842312,-0.656720162741885,-0.315233929000846,-0.352323838689016
BGM-0029,-1.46399946146871,-1.5183067680479,-1.18148236641299,-1.22443982151386
BGM-0030,-1.16878125792658,-0.943915697843889,-1.18148236641299,-1.22443982151386
BGM-0032,0.307309759784088,0.204866442564126,0.551014508411298,0.519792144135829
BGM-0036,0.0120915562419539,0.204866442564126,-0.315233929000846,-0.352323838689016
BGM-0037,-0.578344850842312,0.204866442564126,-0.315233929000846,-0.352323838689016
BGM-0039,0.307309759784088,-0.656720162741885,-1.18148236641299,-1.22443982151386
BGM-0040,0.307309759784088,-0.656720162741885,-0.315233929000846,-0.352323838689016
BGM-0044,0.307309759784088,0.204866442564126,0.551014508411298,0.519792144135829
BGM-0046,0.307309759784088,-0.369524627639881,-0.315233929000846,-0.352323838689016
BGM-0047,-0.578344850842312,-0.656720162741885,0.551014508411298,0.519792144135829
BGM-0048,0.307309759784088,-0.656720162741885,0.262265029273917,0.229086816527548
BGM-0049,-1.16878125792658,-0.943915697843889,-0.603983408138227,-0.643029166297298
BGM-0050,-0.283126647300179,-0.656720162741885,-0.315233929000846,-0.352323838689016
BGM-0052,-0.578344850842312,-0.369524627639881,0.262265029273917,-0.352323838689016
BGM-0054,0.307309759784088,-0.656720162741885,0.551014508411298,0.519792144135829
BGM-0056,-0.578344850842312,-0.656720162741885,-0.315233929000846,-0.352323838689016
BGM-0058,-0.578344850842312,-0.656720162741885,-1.18148236641299,-1.22443982151386
BGM-0060,-0.578344850842312,-0.656720162741885,-0.315233929000846,-0.352323838689016
BGM-0061,-0.578344850842312,0.49206197766613,0.262265029273917,0.229086816527547
BGM-0062,-0.578344850842312,-0.369524627639881,-0.315233929000846,-0.352323838689016
BGM-0063,0.0120915562419542,-0.656720162741885,0.551014508411298,0.519792144135829
BGM-0065,0.307309759784088,0.204866442564126,0.551014508411298,0.519792144135829
BGM-0066,0.0120915562419539,-1.5183067680479,-2.04773080382513,-2.09655580433871
BGM-0067,0.307309759784088,-0.656720162741885,-0.603983408138227,-0.643029166297298
BGM-0069,-0.578344850842312,1.06645304787014,0.551014508411298,0.519792144135829
BGM-0070,-0.283126647300179,-1.5183067680479,-0.892732887275608,-0.933734493905579
BGM-0073,-1.16878125792658,-0.943915697843889,-1.47023184555037,-1.51514514912214
BGM-0076,-0.578344850842312,-0.656720162741885,-0.315233929000846,-0.352323838689016
BGM-0083,-1.46399946146871,-1.5183067680479,-0.315233929000846,-0.352323838689016
BGM-0084,0.307309759784088,-0.656720162741885,-1.47023184555037,-1.22443982151386
BGM-0085,-0.578344850842312,-1.23111123294589,-0.892732887275609,-0.933734493905579
BGM-0087,-1.46399946146871,-1.5183067680479,-2.04773080382513,-2.09655580433871
BGM-0088,0.307309759784088,1.92803965317615,0.551014508411298,0.519792144135829
BGM-0089,-0.578344850842312,-0.943915697843889,-0.315233929000846,-0.0616185110807345
BGM-0090,0.0120915562419542,-0.656720162741885,-0.315233929000846,-0.352323838689016
BGM-0091,0.307309759784088,1.06645304787014,0.551014508411298,0.519792144135829
BGM-0093,1.19296437041049,1.92803965317615,0.551014508411298,0.519792144135829
BGM-0096,2.07861898103689,2.78962625848216,1.41726294582344,1.39190812696067
BGM-0100,1.78340077749475,1.35364858297214,0.83976398754868,0.810497471744111
BGM-0106,-1.16878125792658,-0.656720162741885,-0.315233929000846,-0.352323838689016
BGM-0115,2.07861898103689,2.78962625848216,1.41726294582344,1.39190812696067
BGM-0119,0.307309759784088,0.204866442564127,0.551014508411298,0.519792144135829
BGM-0120,-0.283126647300179,-0.656720162741885,-0.315233929000846,-0.0616185110807344
BGM-0123,-1.46399946146871,-0.943915697843889,-0.892732887275608,-0.933734493905579
BGM-0124,-0.578344850842312,-0.656720162741885,-0.315233929000846,-0.0616185110807345
BGM-0126,-0.283126647300179,-0.943915697843889,-1.18148236641299,-0.643029166297298
BGM-0128,-0.873563054384445,-0.0823290925378773,-0.892732887275609,-0.643029166297298
BGM-0130,-0.283126647300179,-0.943915697843889,-0.603983408138227,-0.643029166297298
BGM-0132,-0.578344850842312,-1.5183067680479,-1.18148236641299,-1.22443982151386
BGM-0133,-0.093199549819106,-0.927698621343196,-0.471757611735251,-0.552110069261895
BGM-0134,-0.388417753361239,-0.0661120160371842,-0.183008132597869,-0.552110069261895
BGM-0135,-0.388417753361239,-0.0661120160371844,-0.183008132597869,-0.261404741653613
BGM-0136,0.202018653723028,-0.353307551139188,-0.183008132597869,-0.261404741653613
BGM-0137,0.202018653723027,-0.0661120160371844,0.683240304814275,0.610711241171232
BGM-0138,0.497236857265161,-0.0661120160371842,0.683240304814275,0.610711241171232
BGM-0140,-0.388417753361239,-0.640503086241192,-0.471757611735251,-0.552110069261895
BGM-0143,0.202018653723027,-0.066112016037184,-0.183008132597869,-0.261404741653613
BGM-0144,0.497236857265161,0.22108351906482,0.394490825676893,0.32000591356295
BGM-0145,-0.388417753361239,0.508279054166823,0.105741346539512,0.32000591356295
BGM-0150,-0.0931995498191062,0.795474589268827,0.971989783951656,0.901416568779514
BGM-0151,-0.0931995498191054,0.508279054166823,0.683240304814275,0.610711241171232
BGM-0155,0.202018653723027,-0.353307551139188,0.683240304814275,0.610711241171232
BGM-0156,-0.388417753361239,-0.0661120160371842,-0.183008132597869,-0.261404741653613
BGM-0157,-0.0931995498191062,0.508279054166823,0.683240304814275,0.610711241171232
BGM-0160,0.497236857265161,-0.066112016037184,-0.471757611735251,-0.552110069261894
BGM-0161,-0.683635956903372,-0.927698621343195,-0.183008132597869,-0.261404741653613
BGM-0162,0.497236857265161,-0.640503086241192,-0.183008132597869,-0.261404741653613
BGM-0163,-0.388417753361239,1.36986565947283,-0.183008132597869,-0.261404741653613
BGM-0164,0.497236857265161,-0.0661120160371842,-0.471757611735251,-0.552110069261895
BGM-0166,-0.388417753361239,0.22108351906482,-0.183008132597869,-0.261404741653613
BGM-0167,-0.388417753361239,-0.927698621343195,-1.3380060491474,-1.13352072447846
BGM-0168,0.497236857265161,-0.066112016037184,-1.04925657001001,-1.13352072447846
BGM-0169,0.202018653723027,0.795474589268827,0.683240304814275,0.610711241171232
BGM-0171,-0.388417753361239,-0.353307551139188,0.105741346539512,-0.261404741653613
BGM-0174,0.202018653723028,0.508279054166823,0.683240304814275,0.610711241171232
BGM-0179,0.497236857265161,-0.640503086241192,0.105741346539512,0.0293005859546689
BGM-0184,0.497236857265161,0.22108351906482,0.394490825676894,0.610711241171232
BGM-0185,1.08767326434943,0.22108351906482,0.683240304814275,0.610711241171232
BGM-0186,0.497236857265161,0.508279054166823,0.683240304814275,0.610711241171232
BGM-0187,0.0514670424476675,-0.733348243831404,-0.17153649544459,-0.245694539311064
BGM-0188,0.202018653723028,-0.0661120160371842,-0.183008132597869,-0.261404741653613
BGM-0189,0.497236857265161,-0.640503086241192,0.683240304814275,0.610711241171232
BGM-0190,1.38289146789156,1.36986565947283,0.683240304814275,0.610711241171232
BGM-0195,0.497236857265161,0.508279054166823,0.683240304814275,0.610711241171232
BGM-0199,0.497236857265161,0.508279054166823,0.683240304814275,0.610711241171232
BGM-0201,-0.388417753361239,-0.0661120160371844,0.683240304814275,0.610711241171232
BGM-0202,-0.388417753361239,-0.640503086241192,-1.3380060491474,-1.42422605208674
BGM-0204,0.497236857265161,-0.353307551139188,0.683240304814275,0.610711241171232
BGM-0207,0.497236857265161,-0.353307551139188,-0.471757611735251,-0.261404741653613
BGM-0208,0.49723685726516,1.36986565947283,0.683240304814275,0.610711241171232
BGM-0209,0.497236857265161,0.795474589268827,0.683240304814275,0.610711241171232
BGM-0210,-0.388417753361239,1.36986565947283,0.683240304814275,0.610711241171232
BGM-0211,0.497236857265161,1.36986565947283,0.683240304814275,0.610711241171232
BGM-0212,0.202018653723027,0.508279054166823,0.683240304814275,0.610711241171232
BGM-0213,-0.388417753361239,0.22108351906482,0.683240304814275,0.610711241171232
BGM-0214,0.497236857265161,-0.353307551139188,0.105741346539512,0.32000591356295
BGM-0215,0.497236857265161,-0.353307551139188,0.683240304814275,0.610711241171232
BGM-0216,0.0514670424476675,-0.330438961910587,-0.17153649544459,-0.245694539311064
BGM-0220,0.497236857265161,-0.353307551139188,-0.183008132597869,-0.261404741653613
BGM-0222,0.497236857265161,-0.353307551139188,-0.183008132597869,-0.261404741653613
BGM-0226,-0.388417753361239,-0.353307551139188,0.105741346539512,0.610711241171232
BGM-0235,0.497236857265161,-0.353307551139188,0.683240304814275,0.610711241171232
BGM-0236,-0.388417753361239,0.508279054166823,-0.471757611735251,-0.261404741653613
BGM-0237,-0.388417753361239,0.508279054166823,0.683240304814275,0.610711241171232
BGM-0238,-1.27407236398764,-0.927698621343195,-1.04925657001001,-1.13352072447846
BGM-0239,-0.388417753361239,-0.927698621343196,-0.760507090872632,-0.842815396870176
BGM-0240,-1.27407236398764,-1.2148941564452,-1.04925657001001,-1.13352072447846
BGM-0247,-0.388417753361239,-0.353307551139188,-1.04925657001001,-1.13352072447846
BGM-0248,-1.03693491155416,-0.276707501812787,-0.144384758477419,-0.208163239151771
BGM-0250,-0.978854160445505,-0.353307551139188,-1.04925657001001,-1.13352072447846
BGM-0254,-0.388417753361239,-0.927698621343195,-0.183008132597869,-0.261404741653613
BGM-0257,-0.388417753361239,-1.78928522664921,-1.62675552828478,-1.71493137969502
BGM-0260,-1.27407236398764,-1.2148941564452,-0.183008132597869,-0.261404741653613
BGM-0261,-0.388417753361239,-1.2148941564452,-0.183008132597869,0.32000591356295
BGM-0264,-1.8645087710719,-1.5020896915472,-1.04925657001001,-1.13352072447846
BGM-0266,-1.27407236398764,-1.2148941564452,-1.04925657001001,-0.552110069261895
BGM-0268,-1.27407236398764,-1.5020896915472,-1.04925657001001,-1.13352072447846
BGM-0269,-0.978854160445505,-0.927698621343195,-0.760507090872632,-0.842815396870176
BGM-0270,0.202018653723028,-0.353307551139188,-1.04925657001001,-1.13352072447846
BGM-0277,-0.388417753361239,-0.927698621343195,-0.760507090872632,-0.842815396870176
BGM-0279,1.12826585520079,2.10477081739666,0.835152496686074,0.8135706530706
BGM-0281,-1.82391618022054,-1.05438006872538,-1.1860938572756,-1.22136664018737
BGM-0283,-0.938261569594142,-0.76718453362338,0.546403017548693,0.522865325462318
BGM-0284,-0.938261569594142,-0.76718453362338,0.546403017548693,0.522865325462318
BGM-0285,-1.82391618022054,-1.05438006872538,-0.608594899000833,-0.349250657362527
BGM-0286,-1.52869797667841,-0.76718453362338,-0.0310959407260703,-0.0585453297542455
BGM-0287,-0.643043366052008,-0.76718453362338,-0.608594899000833,-0.349250657362527
BGM-0288,-0.347825162509875,-0.479988998521376,0.546403017548693,0.522865325462318
BGM-0289,-0.0526069589677423,-1.34157560382739,0.546403017548693,0.522865325462318
BGM-0290,-1.82391618022054,-0.479988998521376,-0.319845419863452,-0.0585453297542456
BGM-0294,-1.82391618022054,0.0944020716826317,-1.1860938572756,-1.22136664018737
BGM-0297,-0.938261569594142,-0.479988998521376,-0.319845419863452,-0.349250657362527
BGM-0298,-0.938261569594142,-0.192793463419372,-0.319845419863452,-0.349250657362527
BGM-0303,1.12826585520079,2.96635742270267,1.41265145496084,1.39498130828716
BGM-0304,1.42348405874292,2.96635742270267,1.41265145496084,1.39498130828716
BGM-0306,-0.0526069589677423,-0.479988998521376,-0.0310959407260704,-0.0585453297542453
BGM-0307,-0.938261569594142,-1.05438006872538,0.546403017548693,0.522865325462318
BGM-0308,-1.52869797667841,-0.76718453362338,-0.608594899000833,-0.349250657362527
BGM-0314,-0.643043366052009,-0.479988998521376,0.546403017548693,0.522865325462318
BGM-0318,1.12826585520079,2.96635742270267,1.41265145496084,1.39498130828716
BGM-0323,-0.0526069589677423,-0.479988998521376,-0.319845419863452,-0.349250657362527
BGM-0326,0.833047651658657,2.10477081739666,1.41265145496084,1.39498130828716
BGM-0327,-0.938261569594142,-1.05438006872538,-0.897344378138214,-0.930661312579091
BGM-0336,-0.0526069589677423,-0.76718453362338,0.546403017548693,0.522865325462318
BGM-0337,-2.70957079084694,-1.05438006872538,-1.1860938572756,-1.22136664018737
BGM-0341,-1.82391618022054,-0.76718453362338,-1.1860938572756,-1.22136664018737
BGM-0342,-0.0526069589677423,-2.2031622091334,-1.1860938572756,-1.22136664018737
BGM-0345,0.833047651658657,2.96635742270267,1.41265145496084,1.39498130828716
BGM-0349,1.12826585520079,2.96635742270267,1.41265145496084,1.39498130828716
BGM-0352,-0.938261569594142,-1.34157560382739,-0.319845419863452,-0.349250657362527
BGM-0357,-0.0526069589677423,-2.2031622091334,-0.319845419863452,-0.349250657362527
BGM-0358,0.242611244574391,-0.479988998521376,-0.0310959407260704,-0.0585453297542455
BGM-0359,-0.0526069589677423,-0.479988998521376,-0.608594899000833,-0.639955984970809
BGM-0360,0.242611244574391,-0.479988998521376,-0.319845419863452,-0.349250657362527
BGM-0364,0.833047651658657,1.24318421209065,0.546403017548693,0.522865325462318
BGM-0366,-0.0526069589677423,-0.479988998521376,-0.608594899000833,-0.639955984970809
BGM-0368,-0.0526069589677423,-0.76718453362338,-0.319845419863452,-0.349250657362527
BGM-0369,-0.0526069589677423,-0.192793463419372,0.546403017548693,0.522865325462318
BGM-0374,-0.0526069589677423,-0.479988998521376,0.546403017548693,0.522865325462318
BGM-0380,0.833047651658657,-0.76718453362338,-0.319845419863452,-0.349250657362527
BGM-0382,0.833047651658657,1.24318421209065,0.546403017548693,0.522865325462318
BGM-0386,1.12826585520079,0.381597606784636,0.546403017548693,0.522865325462318
BGM-0388,1.12826585520079,0.668793141886639,0.257653538411311,0.232159997854036
BGM-0389,1.71870226228506,2.96635742270267,1.41265145496084,1.39498130828716
BGM-0390,-0.0526069589677423,-0.479988998521376,-0.319845419863452,-0.349250657362527
BGM-0394,-0.0526069589677423,0.381597606784636,0.546403017548693,0.522865325462318
BGM-0395,-0.0526069589677423,0.381597606784636,0.546403017548693,-0.349250657362527
BGM-0396,1.71870226228506,1.24318421209065,1.41265145496084,1.39498130828716
BGM-0398,-0.0526069589677423,0.381597606784636,0.546403017548693,0.522865325462318
BGM-0399,-0.0526069589677423,0.381597606784636,-0.319845419863452,-0.349250657362527
BGM-0400,0.537829448116524,0.381597606784636,0.546403017548693,0.522865325462318
BGM-0406,0.833047651658657,0.381597606784636,0.546403017548693,0.522865325462318
BGM-0407,0.833047651658657,0.668793141886639,0.546403017548693,0.522865325462318
BGM-0408,0.833047651658657,0.381597606784636,0.257653538411311,0.232159997854036
BGM-0410,0.833047651658657,-0.479988998521376,0.546403017548693,0.522865325462318
BGM-0411,-0.0526069589677423,0.0944020716826311,0.546403017548693,0.522865325462318
BGM-0413,0.833047651658657,-0.479988998521376,0.546403017548693,0.522865325462318
BGM-0414,1.42348405874292,1.53037974719265,1.12390197582345,1.10427598067888
BGM-0420,-0.0526069589677423,0.381597606784636,0.546403017548692,0.522865325462318
BGM-0422,0.833047651658657,1.24318421209065,0.546403017548693,0.522865325462318
BGM-0424,1.71870226228506,2.10477081739666,0.546403017548693,0.522865325462318
BGM-0425,1.71870226228506,2.10477081739666,0.546403017548693,0.522865325462318
BGM-0426,0.833047651658657,0.955988676988643,0.546403017548693,0.522865325462318
BGM-0427,1.71870226228506,2.10477081739666,0.546403017548693,0.522865325462318
BGM-0428,0.833047651658657,0.381597606784636,-0.319845419863452,-0.349250657362527
BGM-0435,-0.0526069589677423,0.381597606784636,-0.319845419863452,-0.349250657362527
BGM-0436,0.833047651658657,0.955988676988643,-0.319845419863452,-0.349250657362527
BGM-0437,-0.0526069589677423,0.381597606784636,0.546403017548693,0.522865325462318
BGM-0438,0.537829448116524,0.0944020716826317,-0.0310959407260703,-0.349250657362527
BGM-0439,-0.347825162509875,-0.479988998521376,-0.608594899000833,-0.639955984970809
BGM-0440,0.833047651658657,0.668793141886639,0.257653538411311,0.522865325462318
BGM-0442,-0.0526069589677423,0.381597606784636,-0.319845419863452,-0.349250657362527
BGM-0444,1.71870226228506,2.10477081739666,1.41265145496084,1.39498130828716
BGM-0447,1.42348405874292,0.955988676988643,0.257653538411311,0.522865325462318
BGM-0448,0.833047651658657,0.0944020716826317,0.546403017548692,0.522865325462318
BGM-0449,0.980564535289212,0.583154250560331,0.897767746257335,0.789679611488551
BGM-0451,1.86621914591561,2.30632746117235,1.76401618366948,1.6617955943134
BGM-0452,0.980564535289212,0.583154250560331,0.897767746257335,0.789679611488551
BGM-0456,0.094909924662813,-0.27843235474568,0.0315193088451907,-0.0824363713362946
BGM-0460,0.980564535289212,0.583154250560331,0.897767746257335,0.789679611488551
BGM-0461,0.980564535289212,0.870349785662335,0.897767746257335,0.789679611488551
BGM-0462,0.980564535289212,0.583154250560331,0.897767746257335,0.789679611488551
BGM-0463,0.980564535289212,1.44474085586634,0.897767746257335,0.789679611488551
BGM-0465,0.094909924662813,0.870349785662335,0.897767746257335,0.789679611488551
BGM-0467,0.980564535289212,0.583154250560331,0.0315193088451907,-0.0824363713362946
BGM-0468,0.094909924662813,-0.27843235474568,0.0315193088451907,-0.0824363713362946
BGM-0470,0.390128128204946,0.00876318035632326,0.609018267119953,0.498974283880269
BGM-0471,0.980564535289212,0.295958715458327,0.897767746257335,0.789679611488551
BGM-0472,0.094909924662813,-0.27843235474568,0.0315193088451907,-0.0824363713362946
BGM-0474,-0.495526482421453,0.0087631803563232,0.0315193088451907,-0.0824363713362946
BGM-0478,0.094909924662813,0.295958715458327,0.0315193088451907,-0.0824363713362946
BGM-0480,-1.58573836140049,-1.06622878708149,-0.782405171438588,-0.897184570640597
BGM-0484,0.094909924662813,-0.27843235474568,0.0315193088451907,-0.0824363713362946
BGM-0489,0.094909924662813,-0.27843235474568,-0.834729128566953,-0.95455235416114
BGM-0495,0.980564535289212,1.15754532076434,0.897767746257335,0.789679611488551
BGM-0498,1.86621914591561,2.30632746117235,1.76401618366948,1.6617955943134
BGM-0499,1.86621914591561,2.30632746117235,1.76401618366948,1.6617955943134
BGM-0500,0.980564535289212,0.583154250560331,0.897767746257335,0.789679611488551
BGM-0505,1.86621914591561,1.73193639096835,0.897767746257335,1.08038493909683
BGM-0507,0.980564535289212,-0.27843235474568,0.0315193088451907,-0.0824363713362946
BGM-0508,0.980564535289212,0.583154250560331,0.609018267119953,0.498974283880269
BGM-0510,-0.20030827887932,-0.852823424949688,-0.257230170292191,-0.663847026552858
BGM-0511,-1.58573836140049,-1.06622878708149,-0.782405171438588,-0.897184570640597
BGM-0512,0.390128128204947,0.583154250560331,0.0315193088451907,0.789679611488551
BGM-0514,-0.790744685963586,0.583154250560331,0.897767746257335,-0.0824363713362946
BGM-0517,-0.790744685963586,0.00876318035632342,-0.834729128566953,-1.24525768176942
BGM-0521,0.094909924662813,0.295958715458327,0.031519308845191,0.789679611488551
BGM-0523,-0.20030827887932,0.00876318035632326,-0.834729128566953,-0.373141698944576
BGM-0527,-0.790744685963586,-1.14001896005169,-0.834729128566953,-0.663847026552858
BGM-0529,-0.790744685963586,-1.14001896005169,-0.834729128566953,-0.0824363713362946
BGM-0536,0.094909924662813,-1.14001896005169,-0.834729128566953,-0.663847026552858
BGM-0537,0.980564535289212,-0.27843235474568,0.0315193088451907,-0.0824363713362946
BGM-0540,0.980564535289212,0.0087631803563232,0.320268787982572,-0.0824363713362946
BGM-0541,0.980564535289212,-1.14001896005169,-0.834729128566953,0.498974283880269
BGM-0542,-0.790744685963586,-1.14001896005169,-1.41222808684172,-1.24525768176942
BGM-0543,0.094909924662813,-0.27843235474568,0.320268787982572,0.498974283880269
BGM-0547,-0.790744685963586,-0.852823424949688,-0.257230170292191,-0.663847026552858
BGM-0549,0.980564535289212,0.295958715458327,0.0315193088451907,-0.0824363713362946
BGM-0550,0.094909924662813,0.00876318035632326,0.0315193088451907,0.208268956271987
BGM-0551,0.094909924662813,0.0087631803563232,0.320268787982572,0.208268956271988
BGM-0555,0.094909924662813,-0.27843235474568,0.0315193088451907,-0.0824363713362946
BGM-0556,0.094909924662813,0.0087631803563232,0.0315193088451907,-0.0824363713362946
BGM-0557,-0.20030827887932,-0.27843235474568,-0.834729128566953,-0.663847026552858
BGM-0560,-0.20030827887932,-1.14001896005169,-0.25723017029219,-0.663847026552858
BGM-0561,-0.790744685963586,-0.852823424949688,-0.834729128566953,-0.663847026552858
BGM-0563,-0.20030827887932,-0.27843235474568,0.320268787982572,-0.0824363713362946
BGM-0564,-0.790744685963586,-1.14001896005169,-0.834729128566953,-0.95455235416114
BGM-0570,-0.790744685963586,-0.852823424949688,-1.41222808684172,-1.24525768176942
BGM-0573,-0.790744685963586,-1.14001896005169,-0.834729128566953,-0.95455235416114
BGM-0574,0.094909924662813,-0.27843235474568,-0.25723017029219,-0.663847026552858
BGM-0576,0.094909924662813,0.00876318035632326,0.0315193088451907,-0.0824363713362946
BGM-0579,-1.67639929658999,-1.14001896005169,-1.7009775659791,-1.82666833698598
BGM-0583,0.980564535289212,0.583154250560331,0.609018267119954,0.789679611488551
BGM-0587,-0.790744685963586,-0.27843235474568,-0.25723017029219,-0.663847026552858
BGM-0590,-0.790744685963586,-0.565627889847684,0.0315193088451907,-0.0824363713362946
BGM-0591,-0.790744685963586,0.583154250560331,-0.545979649429572,-0.373141698944576
BGM-0592,0.980564535289212,0.583154250560331,0.320268787982572,0.498974283880269
BGM-0593,0.094909924662813,-0.27843235474568,0.320268787982572,0.498974283880268
BGM-0598,0.094909924662813,-0.27843235474568,-0.545979649429572,-0.95455235416114
BGM-0600,0.094909924662813,-0.27843235474568,0.0315193088451907,0.208268956271987
BGM-0601,-0.790744685963586,-0.852823424949688,0.320268787982572,0.789679611488551
BGM-0603,-0.790744685963586,-1.14001896005169,-0.834729128566953,-1.5359630093777
BGM-0606,-0.790744685963586,-1.14001896005169,-0.834729128566953,-0.95455235416114
BGM-0607,-1.67639929658999,-0.565627889847684,-1.41222808684172,-1.5359630093777
BGM-0614,-1.08596288950572,-0.852823424949688,-0.834729128566953,-0.95455235416114
BGM-0615,-0.790744685963586,-1.14001896005169,-0.834729128566953,-0.95455235416114
BGM-0618,-1.38118109304785,0.00876318035632378,-1.12347860770433,-0.95455235416114
BGM-0620,-0.495526482421453,-0.565627889847684,-0.834729128566953,-1.24525768176942
BGM-0623,1.52768157761333,0.436743094178811,1.12356494288905,1.06082168942328
BGM-0624,1.82289978115546,1.87272076968883,1.98981338030119,1.64223234463984
BGM-0625,1.52768157761333,1.01113416438282,0.257316505476903,-0.101999621009846
BGM-0626,-0.834064050723735,-0.424843511127201,0.257316505476903,-0.392704948618127
BGM-0630,-0.538845847181603,-0.424843511127201,-0.608931931935241,-0.683410276226408
BGM-0631,0.346808763444798,-0.137647976025197,-0.0314329736604782,0.188705706598436
BGM-0635,0.346808763444798,-0.137647976025197,-0.0314329736604782,0.188705706598436
BGM-0638,0.0515905599026648,0.149547559076807,0.257316505476903,0.479411034206718
BGM-0642,-0.834064050723735,1.01113416438282,0.257316505476903,-0.101999621009846
BGM-0646,0.0515905599026635,-0.4248435111272,-0.0314329736604782,-0.101999621009846
BGM-0648,0.937245170529063,1.58552523458683,0.257316505476903,0.770116361815
BGM-0650,1.2324633740712,2.44711183989284,0.834815463751666,1.06082168942328
BGM-0651,-0.834064050723736,1.01113416438282,1.12356494288905,-0.101999621009846
BGM-0654,0.346808763444797,2.44711183989284,-0.0314329736604782,0.479411034206718
BGM-0657,-1.12928225426587,-0.4248435111272,-0.608931931935241,-0.97411560383469
BGM-0658,1.82289978115546,1.87272076968883,1.41231442202643,1.64223234463984
BGM-0659,1.2324633740712,-0.4248435111272,0.257316505476903,0.479411034206718
BGM-0660,0.937245170529064,-0.137647976025197,-0.320182452797859,0.188705706598436
BGM-0662,-1.12928225426587,1.58552523458683,-0.608931931935241,-0.392704948618127
BGM-0664,2.70855439178186,4.17028505050486,3.72231025512548,3.38646431028954
BGM-0665,-0.834064050723735,-0.424843511127201,-0.608931931935241,-0.683410276226409
BGM-0666,-1.12928225426587,0.149547559076807,-0.608931931935241,-0.683410276226408
BGM-0671,0.64202696698693,0.723938629280815,-0.0314329736604782,0.188705706598436
BGM-0673,-0.834064050723735,-0.137647976025197,-0.608931931935241,-0.97411560383469
BGM-0678,-0.834064050723735,1.58552523458683,-0.32018245279786,-0.392704948618127
BGM-0679,0.051590559902663,-0.137647976025197,-0.0314329736604782,-0.101999621009846
BGM-0680,-0.538845847181602,0.149547559076807,-0.608931931935241,-0.392704948618127
BGM-0682,-1.12928225426587,-0.712039046229205,-0.608931931935241,-0.392704948618127
BGM-0685,-0.834064050723735,-0.4248435111272,-0.32018245279786,-0.97411560383469
BGM-0693,-1.12928225426587,-0.999234581331208,-0.608931931935241,-0.97411560383469
BGM-0694,-0.834064050723735,-0.137647976025197,-0.608931931935241,-0.683410276226408
BGM-0697,0.0515905599026644,-0.4248435111272,-0.32018245279786,-0.392704948618127
BGM-0699,1.52768157761333,-0.999234581331208,0.834815463751666,0.770116361815
BGM-0700,1.2324633740712,-0.712039046229204,0.257316505476903,0.770116361815
BGM-0702,0.937245170529064,0.149547559076807,0.546065984614285,1.35152701703156
BGM-0707,2.41333618823973,1.29832969948482,1.98981338030119,2.80505365507297
BGM-0711,0.64202696698693,-0.712039046229205,-0.32018245279786,0.479411034206718
BGM-0714,0.346808763444797,-0.999234581331208,-0.0314329736604782,0.188705706598436
BGM-0715,-1.12928225426587,-0.999234581331208,-0.608931931935241,-0.101999621009846
BGM-0717,-0.538845847181602,-0.999234581331208,-0.320182452797859,-0.101999621009846
BGM-0718,-0.538845847181602,3.30869844519885,-0.32018245279786,0.188705706598436
BGM-0726,-0.834064050723735,1.01113416438282,-0.608931931935241,-0.683410276226408
BGM-0728,0.0515905599026644,-0.137647976025197,-0.608931931935241,-0.101999621009846
BGM-0729,-0.834064050723736,-0.712039046229205,-0.32018245279786,-0.392704948618127
BGM-0780-B,-0.538845847181602,0.436743094178811,-0.608931931935241,-0.101999621009846
BGM-0781,-1.12928225426587,3.30869844519885,-0.0314329736604782,0.188705706598436
BGM-0785,-0.538845847181602,0.149547559076807,0.257316505476903,-0.392704948618127
BGM-0788,-0.834064050723736,0.723938629280815,-0.608931931935241,0.188705706598436
BGM-0805,-1.12928225426587,-0.712039046229204,-0.608931931935241,-0.101999621009846
BGM-0806,-0.834064050723735,-0.712039046229204,-0.32018245279786,-0.101999621009845
BGM-0808,-0.834064050723735,-0.712039046229204,-0.608931931935241,-0.101999621009846
BGM-0810,-1.12928225426587,1.87272076968883,-0.608931931935241,-0.101999621009846
BGM-0812,-0.834064050723735,-0.137647976025197,-0.608931931935241,-0.97411560383469
BGM-0813,-0.834064050723735,-0.137647976025197,-0.32018245279786,-0.392704948618127
BGM-0816,-1.12928225426587,-0.999234581331208,-0.608931931935241,-0.97411560383469
BGM-0817,-1.12928225426587,-0.999234581331208,-0.608931931935241,-0.97411560383469
BGM-0820,-1.12928225426587,1.29832969948482,-0.32018245279786,-0.392704948618127
BGM-0823,-0.834064050723735,-0.137647976025197,-0.608931931935241,-0.683410276226408
BGM-0843,-0.834064050723735,-0.999234581331208,-0.608931931935241,-0.97411560383469
BGM-0846,-0.926639956949937,-1.61670261263979,-1.36594000328932,-1.78469311597573
BGM-0847,-0.0409853463235374,-1.61670261263979,-1.36594000328932,-1.49398778836745
BGM-0848,-0.0409853463235372,-1.04231154243578,-1.07719052415194,-1.49398778836745
BGM-0849,-1.5170763640342,-1.61670261263979,-1.36594000328932,-1.49398778836745
BGM-0850,-0.0409853463235368,-1.61670261263979,-1.36594000328932,-0.912577133150882
BGM-0851,-1.5170763640342,-1.61670261263979,0.0778073923975873,0.831654832498808
BGM-0856,-1.5170763640342,0.393666133074237,-1.36594000328932,-1.20328246075916
BGM-0857,-0.631421753407803,0.393666133074237,-0.499691565877175,-0.912577133150883
BGM-0858,-1.22185816049207,-0.18072493712977,-0.210942086739794,-0.621871805542601
BGM-0859,-1.5170763640342,-0.755116007333778,-1.6546894824267,-0.912577133150883
BGM-0863,-0.631421753407803,-1.61670261263979,-0.499691565877175,-0.912577133150883
BGM-0866,-0.631421753407803,-1.61670261263979,-0.788441045014557,-1.49398778836745
BGM-0872,-1.22185816049207,-1.04231154243578,-0.788441045014557,-0.33116647793432
BGM-0873,-1.5170763640342,-0.467920472231775,-0.788441045014557,-0.912577133150883
BGM-0875,-1.22185816049207,0.106470597972233,-0.210942086739794,-0.33116647793432
BGM-0877,-1.22185816049207,-0.18072493712977,-0.210942086739794,-0.912577133150883
BGM-0878,-1.5170763640342,-1.61670261263979,-1.6546894824267,-1.49398778836745
BGM-0882,-1.5170763640342,-1.61670261263979,-1.36594000328932,-0.912577133150883
BGM-0885,0.844669264302862,-1.61670261263979,0.0778073923975873,-0.0404611503260378
BGM-0886,1.139887467845,0.393666133074237,0.0778073923975873,0.540949504890526
BGM-0889,-1.22185816049207,-0.467920472231775,-0.210942086739794,-0.621871805542601
BGM-0893,-0.0409853463235374,-1.32950707753779,-0.788441045014557,-0.621871805542601
BGM-0894,-1.22185816049207,0.968057203278245,0.0778073923975873,-0.33116647793432
BGM-0898,-0.631421753407803,-1.32950707753779,-0.499691565877175,-0.0404611503260378
BGM-0900,-0.926639956949936,-0.467920472231774,-0.788441045014557,-0.621871805542601
BGM-0901,-0.926639956949936,-1.04231154243578,-1.07719052415194,-1.20328246075916
BGM-0902,-1.5170763640342,-1.61670261263979,-2.52093791983885,-1.78469311597573
BGM-0903,-0.631421753407803,-1.04231154243578,-0.788441045014557,-0.621871805542601
BGM-0905,-0.926639956949937,0.106470597972233,-0.788441045014557,-0.0404611503260378
BGM-0906,-1.5170763640342,0.968057203278245,-1.07719052415194,-0.621871805542601
BGM-0909,-1.5170763640342,-1.61670261263979,-1.07719052415194,-0.912577133150883
BGM-0914,-0.926639956949937,-1.32950707753779,-1.07719052415194,-0.621871805542601
BGM-0915,-1.22185816049207,0.680861668176241,-1.07719052415194,-0.912577133150883
BGM-0917,-1.5170763640342,0.106470597972233,-1.6546894824267,-1.20328246075916
BGM-0918,-0.926639956949937,-0.467920472231775,-1.36594000328932,-1.49398778836745
BGM-0919,0.254232857218596,0.106470597972233,0.0778073923975873,0.540949504890525
BGM-0920,1.139887467845,0.106470597972233,0.65530635067235,0.250244177282244
BGM-0922,1.139887467845,0.968057203278245,0.366556871534969,-0.0404611503260381
BGM-0925,2.02554207847139,3.55281701919628,2.67655270463402,2.5758867981485
BGM-0930,2.02554207847139,3.55281701919628,2.67655270463402,2.5758867981485
BGM-0935,1.139887467845,0.680861668176241,0.944055829809731,0.540949504890526
BGM-0936,1.139887467845,0.106470597972233,0.944055829809731,1.41306548771537
BGM-0937,1.139887467845,0.106470597972233,0.944055829809731,0.831654832498808
BGM-0940,0.254232857218596,-0.755116007333778,-0.499691565877175,-0.33116647793432
BGM-0941,0.254232857218596,0.106470597972233,0.65530635067235,0.540949504890525
BGM-0942,1.73032387492926,0.106470597972233,0.366556871534969,0.540949504890526
BGM-0943,1.139887467845,0.106470597972233,0.366556871534969,0.540949504890526
BGM-0944,1.139887467845,-0.18072493712977,0.65530635067235,0.831654832498808
BGM-0945,1.139887467845,1.82964380858426,0.944055829809731,0.831654832498808
BGM-0946,-0.0409853463235368,0.393666133074237,-0.788441045014557,-0.0404611503260378
BGM-0948,0.254232857218596,0.68086166817624,0.0778073923975875,-0.0404611503260378
BGM-0949,-0.0409853463235372,0.393666133074237,0.944055829809731,0.540949504890525
BGM-0952,-0.33620354986567,-0.18072493712977,-0.499691565877175,-0.621871805542601
BGM-0953,1.139887467845,1.82964380858426,0.944055829809731,0.831654832498808
BGM-0954,-0.597273989936781,-0.706239503743697,-0.739018598827241,-0.857732024663979
BGM-0957,1.43510567138713,0.968057203278245,0.944055829809731,0.540949504890526
BGM-0958,1.43510567138713,0.393666133074237,0.944055829809731,0.831654832498808
BGM-0959,0.254232857218596,0.968057203278245,0.65530635067235,0.540949504890526
BGM-0960,0.844669264302862,0.968057203278245,0.65530635067235,0.540949504890526
BGM-0961,0.254232857218596,0.106470597972233,0.0778073923975873,-0.0404611503260378
BGM-0962,-0.631421753407803,0.968057203278245,0.944055829809731,0.250244177282244
BGM-0963,-0.631421753407803,-0.467920472231774,-0.788441045014557,-0.912577133150883
BGM-0966,-0.631421753407803,-0.755116007333778,-0.788441045014557,-0.912577133150883
BGM-0967,0.254232857218596,0.393666133074237,0.944055829809731,0.831654832498808
BGM-0968,1.139887467845,-0.467920472231775,-0.210942086739794,-0.0404611503260378
BGM-0971,0.254232857218596,-0.467920472231774,0.0778073923975875,-0.0404611503260378
BGM-0972,1.139887467845,0.680861668176241,0.366556871534969,0.831654832498808
BGM-0973,1.139887467845,-0.18072493712977,0.366556871534969,0.540949504890526
BGM-0974,0.254232857218596,0.106470597972233,0.944055829809731,0.831654832498808
BGM-0975,0.844669264302862,0.393666133074237,0.944055829809731,0.831654832498808
BGM-0976,-0.0409853463235372,-0.755116007333778,0.0778073923975873,-0.33116647793432
BGM-0978,1.139887467845,0.968057203278245,0.65530635067235,0.831654832498808
BGM-0979,0.844669264302862,0.680861668176241,0.0778073923975873,-0.0404611503260378
BGM-0980,-0.631421753407803,-0.467920472231774,0.366556871534969,-0.0404611503260378
BGM-0981,-0.631421753407803,-0.467920472231775,-0.788441045014557,-0.912577133150883
BGM-0982,-0.0409853463235372,-0.180724937129771,0.0778073923975873,0.250244177282244
BGM-0985,0.0126529973192994,-0.577385715797324,0.509745713462992,0.258213655852431
BGM-0986,0.898307607945699,0.284200889508687,0.798495192600373,0.839624311068995
BGM-0987,-0.8730016133071,-1.15177678600133,-1.2227511613613,-1.19531298218898
BGM-0989,-0.8730016133071,-1.15177678600133,-0.934001682223915,-0.904607654580696
BGM-0992,0.307871200861432,0.571396424610691,0.798495192600373,0.839624311068995
BGM-0993,0.603089404403566,0.284200889508687,0.798495192600373,0.839624311068995
BGM-0994,-0.282565206222834,-0.864581250899328,-0.0677532448117712,-0.0324916717558504
BGM-0995,0.0126529973192994,-0.577385715797324,-0.356502723949152,-0.323196999364133
BGM-0996,-0.282565206222834,-0.577385715797324,-0.934001682223915,-0.904607654580696
BGM-0998,-1.46343802039137,-0.864581250899328,-0.934001682223915,-0.904607654580696
BGM-1006,0.0126529973192994,-0.290190180695321,0.798495192600373,0.548918983460713
BGM-1023,1.19352581148783,0.284200889508687,0.798495192600373,0.839624311068995
BGM-1024,1.7839622185721,3.15615624052873,1.9534931091499,2.58385627671869
BGM-1025,0.898307607945699,-0.0029946455933162,0.509745713462992,0.548918983460713
BGM-1027,-0.577783409764966,-0.29019018069532,-0.0677532448117712,-0.0324916717558504
BGM-1028,0.0126529973192994,-0.29019018069532,0.509745713462992,0.258213655852431
BGM-1031,-0.577783409764966,0.571396424610691,-0.934001682223915,-0.904607654580696
BGM-1037,-0.8730016133071,-1.15177678600133,-0.0677532448117712,-0.323196999364132
BGM-1042,0.0126529973192994,1.4329830299167,0.798495192600373,0.548918983460713
BGM-1043,-0.282565206222834,-0.864581250899328,-0.0677532448117712,-0.0324916717558504
BGM-1044,-0.577783409764967,0.284200889508688,0.22099623432561,-0.0324916717558504
BGM-1055,-0.8730016133071,0.284200889508687,-0.356502723949153,-0.0324916717558504
BGM-1060,-0.8730016133071,-1.15177678600133,-0.0677532448117712,0.258213655852431
BGM-1064,0.0126529973192994,1.4329830299167,-0.0677532448117712,-0.0324916717558504
BGM-1067,0.898307607945699,1.1457874948147,1.37599415087514,0.839624311068995
BGM-1068,0.0126529973192994,-0.00299464559331678,-0.0677532448117712,-0.0324916717558504
BGM-1073,0.0126529973192994,1.4329830299167,0.798495192600373,0.839624311068995
BGM-1077,-0.577783409764967,-0.29019018069532,-0.356502723949152,-0.323196999364132
BGM-1078,-1.7586562239335,-0.864581250899328,-0.645252203086534,-0.0324916717558504
BGM-1079,0.0126529973192994,-0.29019018069532,-0.0677532448117712,-0.0324916717558504
BGM-1081,0.898307607945699,0.571396424610691,0.798495192600373,0.839624311068995
BGM-1082,0.307871200861433,-0.00299464559331611,-0.0677532448117712,0.258213655852432
BGM-1087,-0.8730016133071,-0.577385715797324,-0.934001682223915,-0.904607654580696
BGM-1091,-0.8730016133071,-0.577385715797324,-0.356502723949152,-0.323196999364133
BGM-1103,0.898307607945699,0.858591959712695,0.798495192600373,0.839624311068995
BGM-1105,0.0126529973192994,-1.15177678600133,-0.356502723949152,-0.323196999364132
BGM-1106,-0.8730016133071,-0.577385715797324,-0.645252203086534,-0.613902326972414
BGM-1107,0.898307607945699,0.858591959712695,-0.0677532448117712,0.258213655852431
BGM-1108,0.307871200861432,-0.29019018069532,-0.0677532448117712,-0.0324916717558504
BGM-1110,0.898307607945699,1.4329830299167,1.08724467173775,1.42103496628556
BGM-1111,0.898307607945699,0.571396424610691,0.509745713462992,0.258213655852431
BGM-1115,1.7839622185721,3.15615624052873,2.53099206742466,2.58385627671869
BGM-1116,-0.8730016133071,-0.29019018069532,-0.934001682223915,-1.19531298218898
BGM-1118,0.0126529973192994,-0.577385715797324,-0.645252203086534,-0.904607654580696
BGM-1119,-0.8730016133071,-1.15177678600133,-0.0677532448117712,-0.0324916717558504
BGM-1120,0.0126529973192994,-0.0029946455933162,0.509745713462992,0.548918983460713
BGM-1123,0.0126529973192994,0.284200889508688,0.22099623432561,-0.0324916717558504
BGM-1127,0.0126529973192994,-1.15177678600133,0.798495192600373,0.839624311068995
BGM-1128,-0.8730016133071,-1.15177678600133,-1.51150064049868,-0.904607654580696
BGM-1133,-1.7586562239335,-1.15177678600133,-1.80025011963606,-1.77672363740554
BGM-1134,-1.7586562239335,-1.43897232110334,-1.80025011963606,-1.77672363740554
BGM-1136,-0.8730016133071,-0.577385715797324,-0.356502723949152,-0.613902326972414
BGM-1137,0.0126529973192994,-1.15177678600133,-1.80025011963606,-1.77672363740554
BGM-1139,1.7839622185721,3.15615624052873,2.53099206742466,2.58385627671869
BGM-1141,-1.7586562239335,-2.01336339130734,-1.51150064049868,-1.77672363740554
BGM-1142,-0.8730016133071,-1.15177678600133,-1.2227511613613,-1.19531298218898
BGM-1143,2.07918042211423,3.15615624052873,2.53099206742466,2.58385627671869
BGM-1148,-1.7586562239335,-1.15177678600133,-1.51150064049868,-0.904607654580696
BGM-1152,0.0126529973192994,-0.29019018069532,0.509745713462992,0.548918983460713
BGM-1153,0.0126529973192994,-1.15177678600133,-0.0677532448117712,-0.0324916717558504
BGM-1155,-0.8730016133071,-0.29019018069532,-1.51150064049868,-1.19531298218898
BGM-1156,-0.8730016133071,-1.15177678600133,-1.51150064049868,-1.77672363740554
BGM-1158,-0.8730016133071,-0.29019018069532,-0.0677532448117712,-0.0324916717558504
BGM-1159,-1.7586562239335,-1.15177678600133,-1.80025011963606,-1.77672363740554
BGM-1162,-0.8730016133071,-1.15177678600133,-1.80025011963606,-1.77672363740554
BGM-1163,-1.7586562239335,-1.15177678600133,-1.80025011963606,-1.77672363740554
BGM-1164,0.898307607945699,0.858591959712695,0.798495192600373,0.839624311068995
BGM-1165,0.0126529973192994,-0.29019018069532,-0.0677532448117712,-0.0324916717558504
BGM-1167,0.603089404403566,0.571396424610691,0.509745713462992,0.548918983460713
BGM-1168,0.0126529973192994,-0.29019018069532,-0.934001682223915,-0.323196999364133
BGM-1175,1.7839622185721,2.86896070542672,2.53099206742466,2.58385627671869
BGM-1180,1.06272212233644,0.179068112066315,0.771961019473042,0.742098793502482
BGM-1188,0.177067511710044,-0.108127423035689,-0.0942874179391026,-0.130017189322364
BGM-1190,1.35794032587858,0.753459182270322,0.771961019473042,0.742098793502482
BGM-1196,0.177067511710044,0.466263647168318,0.771961019473042,0.742098793502482
BGM-1198,0.472285715252178,-0.108127423035689,0.771961019473042,0.742098793502482
BGM-1200,1.94837673296284,3.33821899818836,2.50445789429733,2.48633075915217
BGM-1203,0.472285715252177,0.179068112066315,-0.0942874179391026,0.742098793502482
BGM-1213,1.06272212233644,-0.108127423035689,-0.0942874179391026,-0.130017189322364
BGM-1214,1.06272212233644,0.753459182270322,0.48321154033566,0.160688138285918
BGM-1223,0.177067511710044,0.179068112066315,-0.671786376213865,-0.711427844538927
BGM-1226,1.06272212233644,0.179068112066315,0.771961019473042,0.742098793502482
BGM-1227,1.06272212233644,1.61504578757633,1.3494599777478,1.61421477632733
BGM-1236,1.06272212233644,0.466263647168318,0.48321154033566,0.4513934658942
BGM-1243,-0.11815069183209,-0.9697140283417,-0.0942874179391026,-0.130017189322364
BGM-1245,1.94837673296284,3.33821899818836,2.50445789429733,2.48633075915217
BGM-1248,1.06272212233644,0.753459182270322,-0.0942874179391026,-0.130017189322364
BGM-1249,0.177067511710044,-0.108127423035689,-0.960535855351247,-1.00213317214721
BGM-1251,0.177067511710044,-0.395322958137693,0.48321154033566,-0.130017189322364
BGM-1252,-0.708587098916356,-0.682518493239697,-0.0942874179391026,-0.130017189322364
BGM-1253,-0.708587098916356,1.61504578757633,-0.960535855351247,0.742098793502482
BGM-1255,1.06272212233644,1.32785025247433,0.771961019473042,0.742098793502482
BGM-1259,0.177067511710044,0.753459182270322,0.48321154033566,0.160688138285918
BGM-1262,1.06272212233644,0.753459182270322,0.771961019473042,0.742098793502482
BGM-1263,-0.708587098916356,-0.108127423035689,-0.671786376213865,0.742098793502482
BGM-1265,0.177067511710044,-0.108127423035689,-0.0942874179391026,-0.130017189322364
BGM-1267,-0.708587098916356,-0.9697140283417,-0.960535855351247,-1.00213317214721
BGM-1269,0.177067511710044,0.179068112066315,0.771961019473042,-0.130017189322364
BGM-1275,-0.413368895374223,0.466263647168318,-0.383036897076484,-0.420722516930645
BGM-1280,0.177067511710044,0.179068112066315,0.771961019473042,0.742098793502482
BGM-1281,-0.708587098916356,0.753459182270322,-0.383036897076484,-0.711427844538927
BGM-1282,0.177067511710044,0.179068112066315,-0.383036897076484,-0.130017189322364
BGM-1283,-0.708587098916356,-0.9697140283417,-0.671786376213865,-0.420722516930646
BGM-1284,-0.708587098916356,-0.9697140283417,-1.24928533448863,-1.58354382736377
BGM-1285,-0.708587098916356,-0.395322958137693,-0.0942874179391026,-0.711427844538927
BGM-1286,-1.59424170954275,-0.9697140283417,-1.82678429276339,-1.00213317214721
BGM-1288,-1.59424170954275,-0.395322958137693,-0.960535855351247,-1.00213317214721
BGM-1291,0.177067511710044,-0.395322958137693,-0.0942874179391026,-0.130017189322364
BGM-1294,-0.708587098916356,-1.54410509854571,-0.383036897076484,-0.420722516930646
BGM-1300,-1.29902350600062,-1.83130063364771,-1.24928533448863,-1.29283849975549
BGM-1305,-1.59424170954275,-1.83130063364771,-0.383036897076484,-0.711427844538927
BGM-1306,1.35794032587858,-1.83130063364771,0.771961019473042,1.03280412111076
BGM-1310,-1.00380530245849,-0.9697140283417,-0.671786376213865,-1.00213317214721
BGM-1313,-0.708587098916356,-1.54410509854571,0.194462061198279,-0.130017189322364
BGM-1318,-1.59424170954275,-0.395322958137693,-0.0942874179391026,-1.00213317214721
BGM-1323,-1.29902350600062,-1.54410509854571,-0.960535855351247,-1.00213317214721
BGM-1324,-0.708587098916356,-1.83130063364771,-0.383036897076484,-1.00213317214721
BGM-1327,-1.59424170954275,-1.83130063364771,-1.82678429276339,-1.58354382736377
BGM-1328,0.177067511710045,-0.395322958137693,-0.0942874179391026,-0.130017189322363
BGM-1332,-1.29902350600062,-0.108127423035689,-0.671786376213865,-0.711427844538927
BGM-1333,-0.708587098916356,-1.83130063364771,-0.383036897076484,-0.711427844538927
BGM-1335,-1.29902350600062,-1.54410509854571,-0.383036897076484,-0.420722516930646
BGM-1338,-0.413368895374222,-0.395322958137693,0.48321154033566,0.4513934658942
BGM-1345,0.127102658367253,-0.077863206808915,0.237633575488746,0.272819672477736
BGM-1347,-0.463333748717013,-0.077863206808915,-0.0511159036486349,-0.0178856551305462
BGM-1348,-0.463333748717013,-0.652254277012922,-0.0511159036486349,-0.0178856551305462
BGM-1349,-0.463333748717013,0.209332328293089,-0.339865382786016,-0.0178856551305462
BGM-1354,-0.463333748717013,-0.652254277012922,-0.628614861923398,-0.59929631034711
BGM-1359,-0.758551952259146,-1.22664534721693,-0.917364341060779,-1.18070696556367
BGM-1362,-1.34898835934341,-1.22664534721693,-0.917364341060779,-0.890001637955391
BGM-1363,-1.05377015580128,-0.365058741910919,-0.917364341060779,-0.890001637955391
BGM-1364,-1.34898835934341,-1.51384088231893,-0.917364341060779,-0.890001637955391
BGM-1369,-0.463333748717013,-0.652254277012922,-0.0511159036486349,-0.308590982738828
BGM-1370,-0.463333748717013,-0.939449812114926,-0.628614861923398,-0.59929631034711
BGM-1371,-1.05377015580128,-0.939449812114926,-0.917364341060779,-0.890001637955391
BGM-1376,-1.34898835934341,-1.80103641742094,-1.78361277847292,-1.76211762078024
BGM-1377,-0.758551952259146,-0.077863206808915,-0.0511159036486349,-0.0178856551305462
BGM-1386,-0.377095487922061,-0.735769189621432,-0.0403280296776774,-0.0142428017287441
BGM-1388,-1.05377015580128,-0.0778632068089151,-0.917364341060779,-0.308590982738828
BGM-1389,-1.27603405396605,-0.475732625622381,-0.453886132617437,-0.836513297502842
BGM-1393,-1.27603405396605,-0.878641907543198,-1.67180923003962,-0.836513297502842
BGM-1395,-1.05377015580128,-0.077863206808915,-0.0511159036486349,-0.308590982738828
BGM-1397,-1.05377015580128,-1.80103641742094,-1.20611382019816,-0.308590982738828
BGM-1398,-0.463333748717013,-1.80103641742094,-1.20611382019816,-0.890001637955391
BGM-1400,-0.463333748717013,-0.939449812114926,-0.628614861923398,-0.890001637955391
BGM-1402,2.07499691789909,3.15045091166497,2.38793442803433,2.44229692254895
BGM-1403,0.422320861909386,0.496527863395093,0.815132533763509,0.854230327694299
BGM-1407,0.71753906545152,1.0709189335991,0.815132533763509,0.854230327694299
BGM-1408,-0.463333748717013,0.209332328293089,-0.917364341060779,-0.308590982738828
BGM-1409,-1.05377015580128,-0.652254277012922,-0.628614861923397,-0.308590982738828
BGM-1410,-0.463333748717013,-0.077863206808915,-0.0511159036486349,0.272819672477735
BGM-1412,0.422320861909386,-0.939449812114926,0.526383054626128,0.854230327694299
BGM-1413,1.30797547253579,0.496527863395093,0.815132533763509,0.854230327694299
BGM-1414,-0.463333748717013,-0.0778632068089151,0.526383054626128,0.563525000086017
BGM-1415,0.422320861909386,0.209332328293088,0.526383054626128,0.854230327694299
BGM-1416,1.89841187962005,2.50689660910912,1.39263149203827,1.72634631051914
BGM-1417,1.30797547253579,1.0709189335991,0.237633575488746,0.854230327694299
BGM-1419,0.127102658367253,-0.077863206808915,0.237633575488747,-0.0178856551305462
BGM-1420,-0.463333748717013,-0.652254277012922,-0.0511159036486349,-0.0178856551305462
BGM-1422,0.422320861909386,0.496527863395093,-0.339865382786016,-0.308590982738829
BGM-1423,-0.463333748717013,-0.077863206808915,-0.0511159036486349,-0.0178856551305462
BGM-1429,0.422320861909386,-0.077863206808915,-0.0511159036486349,-0.0178856551305462
BGM-1432,1.30797547253579,0.209332328293088,0.815132533763509,0.854230327694299
BGM-1436,0.422320861909386,-0.365058741910919,-0.339865382786016,-0.890001637955391
BGM-1437,0.422320861909386,-0.365058741910919,-0.339865382786016,-0.308590982738828
BGM-1442,1.30797547253579,0.209332328293089,0.237633575488747,0.563525000086017
BGM-1444,0.422320861909386,-0.939449812114926,-0.0511159036486349,-0.59929631034711
BGM-1446,1.30797547253579,0.209332328293089,0.815132533763509,0.854230327694299
BGM-1447,0.422320861909386,1.64531000380311,0.526383054626128,0.563525000086017
BGM-1451,0.422320861909386,0.783723398497096,0.815132533763509,0.854230327694299
BGM-1453,-0.463333748717013,-0.939449812114926,-1.49486329933554,-1.18070696556367
BGM-1454,-1.34898835934341,-0.939449812114926,-0.917364341060779,-0.890001637955391
BGM-1455,0.422320861909386,0.496527863395093,0.237633575488746,0.563525000086017
BGM-1456,0.422320861909386,0.209332328293088,-0.0511159036486349,-0.0178856551305462
BGM-1457,-0.463333748717013,-0.939449812114926,0.815132533763509,0.854230327694299
BGM-1458,-0.758551952259146,0.209332328293089,-0.0511159036486349,-0.0178856551305462
BGM-1464,-0.463333748717013,0.783723398497096,0.815132533763509,0.854230327694299
BGM-1465,0.422320861909386,-0.652254277012922,-0.0511159036486349,0.272819672477736
BGM-1466,-0.16811554517488,1.64531000380311,0.815132533763509,0.854230327694299
BGM-1472,-0.463333748717013,-0.077863206808915,0.815132533763509,0.854230327694299
BGM-1474,-0.463333748717013,-0.939449812114926,0.526383054626128,0.854230327694299
BGM-1479,1.30797547253579,1.0709189335991,0.815132533763509,0.854230327694299
BGM-1480,-0.463333748717013,0.496527863395093,0.237633575488746,0.272819672477735
BGM-1481,0.422320861909386,0.209332328293089,-0.0511159036486349,-0.0178856551305462
BGM-1484,-0.463333748717013,-0.652254277012922,-0.917364341060779,-0.890001637955391
BGM-1485,0.422320861909386,1.64531000380311,0.815132533763509,0.563525000086017
BGM-1487,0.422320861909386,0.783723398497096,0.815132533763509,0.854230327694299
BGM-1488,-0.463333748717013,-0.365058741910919,-0.628614861923397,-0.890001637955391
BGM-1489,-0.587306297172581,0.436836028147219,0.137306944407094,-0.159350889607866
BGM-1497,-0.587306297172581,0.724031563249223,0.137306944407094,0.131354438000416
BGM-1498,-0.587306297172581,1.58561816855523,-0.440192013867668,-0.740761544824429
BGM-1499,0.298348313453818,1.29842263345323,0.137306944407094,0.131354438000416
BGM-1502,-1.47296090779898,-0.424750577158792,-0.72894149300505,-0.740761544824429
BGM-1503,0.298348313453818,-0.137555042056788,0.137306944407094,0.131354438000416
BGM-1507,1.18400292408022,0.149640493045216,0.714805902681858,0.422059765608698
BGM-1508,0.298348313453818,-0.711946112260796,-0.151442534730287,-0.159350889607866
BGM-1511,0.00313010991168457,0.436836028147219,-0.72894149300505,-0.740761544824429
BGM-1515,0.298348313453818,0.149640493045216,0.426056423544476,0.422059765608698
BGM-1518,-0.587306297172581,-0.999141647362799,0.137306944407094,0.131354438000416
BGM-1520,-0.587306297172581,-0.999141647362799,-0.72894149300505,-0.740761544824429
BGM-1521,0.298348313453818,-0.711946112260796,0.137306944407094,-0.159350889607866
BGM-1525,0.593566516995951,-0.424750577158791,0.714805902681857,0.422059765608697
BGM-1527,2.06965753470662,1.87281370365724,1.581054340094,1.87558640365011
BGM-1535,-0.555544330764784,-0.934470060692618,-1.49519743384044,-1.51594496187854
BGM-1549,0.298348313453818,-0.999141647362799,-0.151442534730287,0.131354438000416
BGM-1552,1.47922112762235,1.87281370365724,1.00355538181924,1.29417574843354
BGM-1560,-0.587306297172581,-0.999141647362799,-1.59518993041719,-0.740761544824429
BGM-1567,-1.47296090779898,-0.999141647362799,-0.72894149300505,-1.32217220004099
BGM-1569,0.298348313453818,-0.424750577158791,-0.72894149300505,-0.740761544824429
BGM-1579,-0.587306297172581,-0.424750577158791,-1.30644045127981,-1.32217220004099
BGM-1584,-0.587306297172581,-0.424750577158791,-0.440192013867668,-0.159350889607866
BGM-1585,1.18400292408022,0.724031563249223,1.00355538181924,1.00347042082526
BGM-1586,-0.587306297172581,0.149640493045216,-0.72894149300505,-0.740761544824429
BGM-1596,-0.882524500714715,-0.711946112260796,-0.72894149300505,-0.740761544824429
BGM-1598,0.298348313453818,0.149640493045215,0.137306944407094,0.131354438000416
BGM-1604,1.18400292408022,1.01122709835123,1.00355538181924,1.00347042082526
BGM-1605,-0.587306297172581,0.724031563249223,-0.151442534730287,-0.159350889607866
BGM-1606,0.298348313453818,-0.424750577158791,-0.151442534730287,-0.159350889607866
BGM-1608,-1.17774270425685,-0.424750577158792,-1.30644045127981,-1.32217220004099
BGM-1609,1.18400292408022,0.149640493045216,1.00355538181924,0.71276509321698
BGM-1610,1.18400292408022,0.149640493045216,0.137306944407094,0.131354438000416
BGM-1613,-0.882524500714714,-0.137555042056788,-0.440192013867668,-0.450056217216147
BGM-1619,-0.587306297172581,-0.999141647362799,-1.01769097214243,-1.03146687243271
BGM-1621,-1.47296090779898,-0.999141647362799,-0.72894149300505,-0.740761544824429
BGM-1622,-1.17774270425685,-1.2863371824648,-1.59518993041719,-1.61287752764927
BGM-1623,-0.555544330764784,-0.531560778771801,-0.683248702225647,-0.696242406865594
BGM-1626,-1.47296090779898,-1.2863371824648,-1.01769097214243,-1.03146687243271
BGM-1628,0.00313010991168512,1.29842263345323,0.137306944407094,0.131354438000416
BGM-1629,0.593566516995951,0.724031563249224,0.426056423544476,0.422059765608698
BGM-1631,0.888784720538085,0.149640493045216,0.426056423544476,0.131354438000416
BGM-1637,-0.882524500714715,-0.999141647362799,-0.440192013867668,-0.740761544824429
BGM-1638,1.18400292408022,0.43683602814722,0.426056423544476,1.00347042082526
BGM-1639,0.298348313453818,-0.424750577158791,0.426056423544476,0.712765093216979
BGM-1643,-0.292088093630449,-0.137555042056788,-0.440192013867668,-0.159350889607866
BGM-1645,1.77443933116448,2.16000923875924,2.15855329836876,2.16629173125839
BGM-1646,0.00313010991168457,-0.424750577158791,1.00355538181924,1.00347042082526
BGM-1649,1.18400292408022,0.724031563249224,0.714805902681857,1.00347042082526
BGM-1656,1.18400292408022,1.01122709835123,0.714805902681857,1.00347042082526
BGM-1657,2.06965753470662,3.30879137916726,2.73605225664353,2.74770238647495
BGM-1658,1.95772889813407,1.8858949127531,1.34662312681133,1.35301398066678
BGM-1659,1.18400292408022,0.43683602814722,1.00355538181924,1.00347042082526
BGM-1660,2.06965753470662,3.30879137916726,2.73605225664353,2.74770238647495
BGM-1661,0.298348313453818,0.436836028147219,-0.440192013867668,0.422059765608697
BGM-1662,1.18400292408022,0.149640493045216,1.00355538181924,1.00347042082526
BGM-1666,1.18400292408022,0.149640493045216,0.137306944407094,0.422059765608698
BGM-1667,-0.438348825381237,-0.657238542415401,-0.542118535054604,-0.628043634500576
BGM-1668,0.937495858090073,0.0224068273317217,0.179111500014755,0.0834388624418317
BGM-1669,0.0518412474636733,-0.264788707770282,-0.109637979122627,-0.20726646516645
BGM-1672,2.11836867225861,1.74558003794374,1.0453599374269,0.955554845266677
BGM-1674,2.11836867225861,2.03277557304575,1.91160837483904,1.82767082809152
BGM-1675,-0.538595159620593,-0.551984242872286,0.179111500014755,0.0834388624418317
BGM-1677,2.11836867225861,1.74558003794374,1.91160837483904,1.82767082809152
BGM-1679,-0.509467528179166,0.423865779282196,0.167884118428037,0.0784242578715355
BGM-1682,-0.24337695607846,-0.551984242872286,-0.109637979122627,0.0834388624418317
BGM-1683,0.64227765454794,0.596797897535729,0.467860979152136,0.374144190050113
BGM-1684,0.937495858090074,0.309602362433725,1.0453599374269,0.664849517658395
BGM-1685,0.347059451005807,0.309602362433725,0.179111500014755,0.664849517658395
BGM-1686,-1.42424977024699,-0.83917977797429,-0.975886416534771,-0.788677120383013
BGM-1690,-0.833813363162726,0.0224068273317215,-0.68713693739739,-0.788677120383013
BGM-1691,2.11836867225861,3.18155771345376,2.77785681225119,2.40908148330809
BGM-1692,1.23271406163221,0.883993432637733,0.756610458289517,0.955554845266677
BGM-1693,0.347059451005807,-0.264788707770283,0.467860979152136,0.664849517658395
BGM-1696,1.23271406163221,0.022406827331721,0.179111500014755,0.0834388624418317
BGM-1697,-0.538595159620593,-0.264788707770282,-1.55338537480953,-1.0793824479913
BGM-1698,-1.42424977024699,-1.12637531307629,-1.55338537480953,-1.66079310320786
BGM-1700,-0.833813363162726,-0.264788707770282,-0.975886416534771,-0.788677120383013
BGM-1701,-0.24337695607846,-0.264788707770282,-0.398387458260008,-0.497971792774732
BGM-1702,1.23271406163221,0.596797897535729,1.0453599374269,0.955554845266677
BGM-1703,2.1183686722586,3.46875324855577,2.77785681225119,2.69978681091637
BGM-1704,1.23271406163221,2.03277557304575,1.62285889570166,1.82767082809152
BGM-1705,-0.538595159620593,0.0224068273317215,0.179111500014755,0.0834388624418317
BGM-1706,-0.538595159620593,-0.551984242872286,0.179111500014755,0.664849517658395
BGM-1707,-0.24337695607846,0.0224068273317218,-0.398387458260008,0.0834388624418317
BGM-1709,0.347059451005807,-0.83917977797429,0.179111500014755,0.0834388624418317
BGM-1710,-0.538595159620593,-0.551984242872286,-0.68713693739739,-0.20726646516645
BGM-1712,-0.538595159620593,-0.83917977797429,-0.975886416534771,-0.788677120383013
BGM-1715,-0.538595159620593,-0.551984242872287,-0.68713693739739,-0.788677120383013
BGM-1716,-0.538595159620593,0.0224068273317215,-0.398387458260008,-0.20726646516645
BGM-1718,0.051841247463674,-0.264788707770282,-0.975886416534771,-0.788677120383013
BGM-1721,1.23271406163221,1.17118896773974,1.0453599374269,0.955554845266677
BGM-1722,1.82315046871647,2.31997110814775,1.91160837483904,1.82767082809152
BGM-1723,0.347059451005807,1.17118896773974,0.756610458289517,0.955554845266677
BGM-1725,-0.243376956078459,-0.264788707770282,-0.109637979122627,0.0834388624418308
BGM-1726,-0.538595159620593,-0.551984242872286,-0.975886416534771,-0.788677120383013
BGM-1727,0.64227765454794,0.309602362433725,1.0453599374269,0.955554845266677
BGM-1729,0.347059451005807,0.596797897535729,1.0453599374269,0.955554845266677
BGM-1730,0.347059451005807,-0.551984242872286,0.179111500014755,0.0834388624418317
BGM-1732,0.347059451005807,-0.551984242872286,0.756610458289518,0.955554845266677
BGM-1733,1.23271406163221,0.596797897535729,0.467860979152136,0.0834388624418317
BGM-1734,0.0518412474636733,1.17118896773974,0.179111500014755,0.0834388624418317
BGM-1737,1.23271406163221,0.596797897535729,0.756610458289517,0.664849517658395
BGM-1739,-1.42424977024699,-0.83917977797429,-0.68713693739739,-0.788677120383013
BGM-1741,1.7240860832524,2.71669836299288,2.19159760404228,2.14990885025445
BGM-1742,0.0518412474636733,0.596797897535729,-0.109637979122627,-0.20726646516645
BGM-1743,-0.538595159620593,-0.551984242872286,-0.68713693739739,-0.788677120383013
BGM-1744,-0.538595159620593,0.0224068273317217,0.179111500014755,0.0834388624418317
BGM-1745,-1.42424977024699,-0.83917977797429,-1.26463589567215,-1.0793824479913
BGM-1748,0.347059451005807,-0.551984242872286,0.179111500014755,0.0834388624418317
BGM-1749,-0.538595159620593,0.0224068273317214,-0.109637979122627,0.0834388624418317
BGM-1750,-0.538595159620593,0.883993432637733,-0.398387458260008,-0.20726646516645
BGM-1752,-0.538595159620593,0.0224068273317215,-0.398387458260008,-0.497971792774731
BGM-1754,0.347059451005807,-0.551984242872286,0.179111500014755,0.0834388624418317
BGM-1756,-0.538595159620593,0.883993432637733,0.179111500014755,0.0834388624418317
BGM-1757,-0.509467528179166,-0.381952784559438,-0.644064613186754,-0.741278297141413
BGM-1760,-0.538595159620593,-0.83917977797429,0.179111500014755,0.0834388624418317
BGM-1761,-0.833813363162726,-0.83917977797429,-0.68713693739739,-0.497971792774732
BGM-1762,-1.42424977024699,-0.83917977797429,-0.68713693739739,-1.0793824479913
BGM-1763,-0.833813363162726,-0.551984242872286,-0.68713693739739,-0.788677120383013
BGM-1764,-0.538595159620593,-0.551984242872286,-0.68713693739739,-0.788677120383013
BGM-1766,-0.928346399662309,-0.784862066480254,-1.45601334480154,-1.56098085215436
BGM-1767,-0.538595159620593,-0.83917977797429,-0.68713693739739,-0.788677120383013
BGM-1768,0.347059451005807,-0.551984242872286,0.179111500014755,0.0834388624418317
BGM-1769,1.23271406163221,-0.264788707770282,0.179111500014755,0.0834388624418317
BGM-1770,0.347059451005807,-0.264788707770282,0.179111500014755,0.0834388624418317
BGM-1771,1.23271406163221,-0.83917977797429,0.756610458289518,0.955554845266677
BGM-1772,-0.538595159620593,-0.83917977797429,-1.26463589567215,-1.37008777559958
BGM-1779,-0.538595159620593,-0.83917977797429,-0.109637979122627,0.0834388624418317
BGM-1782,0.937495858090073,0.309602362433725,-0.975886416534771,-0.788677120383013
BGM-1783,0.64227765454794,-0.551984242872286,0.179111500014755,0.0834388624418317
BGM-1784,0.937495858090074,0.0224068273317215,0.179111500014755,-0.20726646516645
BGM-1794,0.347059451005807,-0.264788707770282,-0.398387458260008,-0.497971792774731
BGM-1810,-0.24337695607846,-0.551984242872286,-0.68713693739739,-0.788677120383013
BGM-1814,1.23271406163221,-0.264788707770282,0.467860979152136,0.374144190050113
BGM-1816,0.0518412474636735,-0.551984242872286,-0.398387458260008,-0.788677120383013
BGM-1817,0.347059451005807,0.0224068273317215,-0.68713693739739,-0.788677120383013
BGM-1819,1.2240886057461,0.390062066702943,0.308270133467468,0.168795529550595
BGM-1821,0.338433995119698,-1.04591560880708,0.88576909174223,0.459500857158876
BGM-1822,-0.547220615506701,-0.758720073705073,-0.269228824807295,0.168795529550595
BGM-1832,-0.547220615506701,-1.04591560880708,-0.846727783082058,-0.70332045327425
BGM-1834,1.51930680928823,-0.184329003501065,0.308270133467468,0.459500857158876
BGM-1835,-0.252002411964569,-0.471524538603069,-0.269228824807295,-0.412615125665969
BGM-1847,0.0432157915775652,-0.471524538603069,0.0195206543300866,-0.121909798057687
BGM-1866,-0.547220615506701,0.102866531600939,-0.557978303944676,-0.70332045327425
BGM-1876,2.1097432163725,3.26201741772298,2.9070154457039,2.78514347802513
BGM-1878,2.1097432163725,3.26201741772298,2.9070154457039,2.78514347802513
BGM-1880,-0.547220615506701,-1.04591560880708,-0.269228824807295,-0.70332045327425
BGM-1881,0.338433995119698,-0.758720073705073,0.0195206543300865,0.168795529550595
BGM-1884,2.1097432163725,3.26201741772298,2.9070154457039,2.78514347802513
BGM-1942,1.2240886057461,2.11323527731497,2.04076700829176,1.91302749520029
BGM-1956,1.2240886057461,0.677257601804946,0.597019612604849,0.750206184767159
BGM-1957,-0.252002411964568,-0.471524538603069,-0.269228824807295,-0.70332045327425
BGM-1962,0.633652198661831,-1.04591560880708,0.597019612604849,0.459500857158876
BGM-1980,2.1097432163725,2.11323527731497,2.04076700829176,1.91302749520029
BGM-1985,-0.252002411964569,-0.758720073705073,0.0195206543300865,0.168795529550595
BGM-1999,0.338433995119698,1.25164867200895,0.308270133467468,0.168795529550595
BGM-2018,0.928870402203964,0.390062066702943,0.88576909174223,0.459500857158876
BGM-2019,0.338433995119698,0.390062066702943,0.0195206543300864,0.168795529550595
BGM-2022,-0.547220615506701,-0.184329003501065,-0.557978303944676,-0.70332045327425
BGM-2028,0.338433995119698,0.677257601804946,-0.557978303944676,-0.70332045327425
BGM-2030,0.928870402203964,-0.758720073705073,0.0195206543300865,0.168795529550595
BGM-2032,0.928870402203964,0.102866531600938,0.308270133467468,0.168795529550595
BGM-2035,0.928870402203964,-0.471524538603069,0.597019612604849,0.750206184767158
BGM-2042,0.338433995119698,-0.471524538603069,0.308270133467468,0.168795529550595
BGM-2047,-0.252002411964568,0.102866531600939,-0.269228824807295,-0.70332045327425
BGM-2048,-0.547220615506701,-1.04591560880708,-1.13547726221944,-0.994025780882532
BGM-2053,-0.252002411964568,-0.184329003501065,-0.269228824807295,-0.412615125665969
BGM-2055,0.338433995119698,-1.04591560880708,-0.269228824807295,-0.121909798057687
BGM-2059,0.0432157915775655,0.102866531600939,1.17451857087961,1.04091151237544
BGM-2060,0.043215791577565,-0.758720073705073,-0.269228824807295,-0.412615125665968
BGM-2061,-0.252002411964569,0.102866531600939,-0.269228824807295,-0.121909798057687
BGM-2063,-0.252002411964568,-0.471524538603069,-0.846727783082058,-0.994025780882532
BGM-2064,2.1097432163725,3.26201741772298,2.9070154457039,2.78514347802513
BGM-2065,-0.842438819048835,-1.90750221411309,-0.557978303944676,-0.70332045327425
BGM-2069,-1.4328752261331,0.677257601804946,-0.557978303944676,-0.703320453274251
BGM-2072,-0.547220615506701,-0.184329003501065,0.308270133467468,0.168795529550595
BGM-2078,2.1097432163725,3.26201741772298,2.9070154457039,2.78514347802513
BGM-2079,-0.547220615506701,-0.471524538603069,-0.557978303944676,-0.70332045327425
BGM-2080,-0.0987476414384971,0.633420650549061,-0.523002128015268,-0.661051493030089
BGM-2081,-0.252002411964569,0.677257601804946,-0.846727783082058,-0.70332045327425
BGM-2082,0.0432157915775647,-0.758720073705073,-0.269228824807295,-0.412615125665969
BGM-2083,2.1097432163725,2.11323527731496,1.75201752915437,1.622322167592
BGM-2086,-1.4328752261331,-1.04591560880708,-0.846727783082058,-0.994025780882532
BGM-2094,0.0432157915775652,0.390062066702943,0.0195206543300866,0.168795529550595
BGM-2095,-0.684240675761708,-0.579571430481036,-0.544180787838614,-0.540374642832439
BGM-2102,-0.0849101692155226,0.492992726753517,0.0542112743739178,0.037661119931939
BGM-2111,2.1097432163725,3.26201741772298,2.9070154457039,2.78514347802513
BGM-2119,0.0776714843848527,-1.40146904213699,-0.191293921088292,-0.23617241748102
BGM-2120,-0.261095369240249,-0.410809308319658,0.112223453218192,-0.0423044221611217
BGM-2123,0.338433995119699,0.390062066702943,0.308270133467468,-0.121909798057687
BR-11-34-41,0.19267577713792,-0.647661966427717,-0.119664928975431,-0.17069444442788
BR-11-34-45,0.32336191467699,-0.145743043704233,0.412765552986963,0.363366758946967
BR-11-34-64,0.148610611363171,-0.36183428113502,0.0123099148209048,-0.0826660999723734
BRS-Amansa-Burro,0.765522932209245,0.275781324517944,0.628192519203765,0.599553569557773
BRS-Caipira,0.0173267696478379,-0.493809002818259,-0.0686682548031111,-0.00490546445578712
BRS-Dourada,-0.0937478003977639,-0.51574149629262,-0.119664928975412,-0.148687358314008
BRS-Formosa,-0.0056174688483254,-0.603688476382693,-0.185652350873601,-0.236715702769506
BRS-Gema-de-Ovo,0.523164520448319,0.517635519765572,0.540209290006209,0.48951813898842
BRS-Jari,0.363871684689033,-0.105631713785664,0.199007336473404,0.200924876335915
BRS-Kiriris,0.3448311847229,0.287269993405937,0.0493777257271403,0.162346374752661
BRS-Mulatinha,-0.468301709482866,-0.0100463607747818,-0.361618809268698,-0.390765305566639
BRS-NovoHorizonte,-0.174452022213727,-0.104242907255315,0.132899651048254,0.0922876248346955
BRS-Poti-Branca,-0.20391071483455,0.0339271292702592,-0.295631387370518,-0.346751133338896
BRS-Tapioqueira,1.18414200706907,1.02333065528342,1.02411705059277,0.84163151681044
BRS-Verdinha,-0.314073629271343,-0.273887301044976,-0.14166073627479,-0.17069444442788
TMEB14,-1.1643106172637,-1.20038004154777,0.280580868639633,0.171170827931117
