clones,Anthractnose,ManchaBranca,ManchaParda,QueimaFolhas
BGM-0004,0.480328805211208,0.780078697951679,0.763447337144378,0.743908034600204
BGM-0005,1.15308851367334,1.28542327532837,0.76344733714438,0.743908034600203
BGM-0006,0.480328805211156,1.28542327532839,0.42650937867391,0.238600499902632
BGM-0014,0.0133547733062435,0.135561083722015,-0.450875019494197,-0.285194511257068
BGM-0018,-1.16147756165773,-0.872159943487661,-0.45087501949419,-0.285194511257091
BGM-0019,0.0133547733062163,-1.04011344802263,-0.282912699063494,-0.285194511257083
BGM-0020,0.181187964015383,0.135561083722025,0.0530119417979182,-0.117245998017551
BGM-0021,0.115344358803224,0.430136196964049,0.750412367383224,0.702864143789548
BGM-0022,0.684687536142759,0.303514588256979,0.053011941797918,0.218651028461528
BGM-0023,-0.6579779895303,0.975328606396784,0.220974262228654,0.0507025152219835
BGM-0024,0.852520726851928,0.807375101861845,0.388936582659325,0.386599541701061
BGM-0025,1.35602029897932,0.639421597326891,0.892823543951455,0.89044508141964
BGM-0027,0.349021154724508,0.471468092791899,-0.114950378632758,0.0507025152219822
BGM-0028,0.0133547733062155,-0.032392420812919,-0.45087501949416,-0.621091537736161
BGM-0029,-0.657977989530324,-0.53625293441778,-0.786799660355572,-0.956988564215207
BGM-0030,-0.490144798821165,-1.20806695255759,-1.12272430121699,-1.12493707745475
BGM-0032,-0.154478417402879,-0.536252934417831,0.38893658265932,0.386599541701062
BGM-0036,-0.657977989530352,0.135561083722052,-0.618837339924847,-0.621091537736182
BGM-0037,-1.16147756165781,-0.032392420812908,-0.450875019494158,-0.621091537736162
BGM-0039,0.349021154724533,-0.0323924208129142,-0.786799660355572,-0.759394634423971
BGM-0040,0.181187964015377,-0.53625293441775,0.0530119417979145,-0.117245998017561
BGM-0042,-0.760411361577148,-0.494784896775797,-0.643974563667551,-0.937251768575528
BGM-0044,0.349021154724534,0.639421597326891,0.55689890309004,0.218651028461527
BGM-0046,1.35602029897941,-0.242506229881807,-0.258607256283272,-0.306067503662079
BGM-0047,-0.490144798821134,-0.3682994298828,0.0530119417979631,0.218651028461527
BGM-0048,0.516854345433648,-0.0323924208129151,0.220974262228631,0.218651028461523
BGM-0049,-0.490144798821152,-0.368299429882799,-0.282912699063495,-0.285194511257086
BGM-0050,-0.490144798821131,-1.04011344802264,-0.282912699063479,-0.285194511257087
BGM-0052,-0.657977989530302,-0.704206438952739,0.053011941797935,-0.285194511257089
BGM-0054,0.349021154724537,-1.04011344802263,0.724861223520762,0.554548054940579
BGM-0056,-1.16147756165782,-1.04011344802263,-0.61883733992485,-0.621091537736163
BGM-0058,-0.657977989530302,-0.200345925347847,-0.786799660355564,-0.789040050975716
BGM-0060,-0.322311608112033,-0.704206438952759,-0.450875019494154,-0.453143024496635
BGM-0061,-0.322311608112034,1.64714262453654,0.556898903090059,0.554548054940568
BGM-0062,-0.154478417402911,-0.0323924208129054,0.0530119417979169,0.0507025152219833
BGM-0063,0.34902115472453,-1.04011344802263,0.388936582659326,0.386599541701061
BGM-0065,0.516854345433647,0.303514588257007,0.388936582659325,0.386599541701062
BGM-0066,0.684687536142754,-0.704206438952722,-1.12272430121698,-1.12493707745476
BGM-0067,0.181187964015379,-0.0323924208129071,-0.282912699063494,-0.285194511257086
BGM-0069,-0.490144798821138,0.303514588256981,0.220974262228641,0.218651028461522
BGM-0070,-0.490144798821134,-1.5439739616275,-0.954761980786285,-0.956988564215212
BGM-0073,-0.993644370948556,-0.872159943487665,-1.2906866216477,-1.29288559069429
BGM-0076,-0.657977989530302,-0.368299429882803,-0.11495037863277,-0.28519451125709
BGM-0080,0.919204820581461,-0.830959333437437,0.700794246859945,0.743596081877299
BGM-0083,-1.16147756165773,-1.20806695255758,-0.282912699063477,-0.285194511257092
BGM-0084,-0.154478417402883,0.135561083722029,-0.786799660355569,-0.621091537736176
BGM-0085,-0.154478417402912,-0.0323924208129621,-0.786799660355553,-0.789040050975691
BGM-0087,-1.16147756165773,-1.2080669525576,-1.29068662164769,-1.29288559069429
BGM-0088,0.516854345433649,1.6471426245366,0.556898903090043,0.386599541701061
BGM-0089,-0.154478417402912,0.639421597326935,0.220974262228654,0.386599541701071
BGM-0090,-0.322311608111992,0.471468092791913,0.388936582659358,0.386599541701083
BGM-0091,-0.154478417402882,1.14328211093174,0.892823543951475,0.890445081419643
BGM-0093,0.852520726851977,0.807375101861905,0.220974262228643,0.218651028461523
BGM-0096,1.35602029897939,1.98304963360653,0.892823543951456,0.890445081419661
BGM-0097,1.25512805701326,1.18608728653224,1.03698644949182,1.07976565196787
BGM-0100,0.684687536142844,0.135561083722023,0.388936582659333,0.38659954170104
BGM-0106,-0.657977989530331,-0.0323924208129169,-0.282912699063479,-0.285194511257092
BGM-0115,0.852520726851958,1.81509612907165,1.22874818481285,1.22634210789875
BGM-0119,-0.154478417402886,0.303514588256998,0.388936582659327,0.386599541701062
BGM-0120,0.0133547733062244,-0.536252934417751,-0.282912699063479,-0.117245998017557
BGM-0123,-0.993644370948562,-1.20806695255759,-0.954761980786287,-0.956988564215211
BGM-0124,-0.657977989530306,-0.368299429882801,-0.114950378632774,-0.117245998017557
BGM-0126,-0.322311608111997,-0.368299429882797,-1.12272430121698,-0.621091537736168
BGM-0128,-0.825811180239436,-0.0323924208129135,-0.954761980786286,-0.789040050975676
BGM-0130,-0.322311608111996,-0.704206438952737,-0.786799660355552,-0.621091537736167
BGM-0132,-0.322311608112036,-1.04011344802262,-1.12272430121698,-1.12493707745475
BGM-0133,-0.311363899454395,-0.0669571227052215,-0.10220751030255,-0.115904408965808
BGM-0134,-0.143828168038588,-0.0669571227052113,-0.102207510302525,-0.283536823142137
BGM-0135,-0.47889963087019,-0.0669571227052153,-0.269852182547995,-0.283536823142145
BGM-0136,-0.311363899454378,-0.234591099850229,-0.60514152703899,-0.618801651494806
BGM-0137,-0.311363899454373,-0.402225076995265,0.400726506433983,0.386992833563275
BGM-0138,-0.646435362285922,0.603578785874863,0.400726506433984,0.386992833563278
BGM-0140,-0.981506825117537,-0.0669571227052256,-0.772786199284462,-0.786434065671167
BGM-0143,-0.151076739763863,-0.178459978182797,-0.289470632314224,-0.311040683710113
BGM-0144,0.519940166909258,0.325149580326784,0.382037426822522,0.192549280741896
BGM-0145,-0.318830966432169,0.325149580326772,0.0462833972541621,0.192549280741896
BGM-0149,-0.632433827248065,0.503802658593062,-0.0166856508186584,-0.00706118491587513
BGM-0150,-0.31883096643217,0.493019433163311,0.885668471175093,0.864002566677864
BGM-0151,-0.151076739763865,-0.178459978182755,0.885668471175092,0.864002566677801
BGM-0152,-0.102669342175876,-0.0455287269483346,-0.0101262226486172,0.0169533781286976
BGM-0155,-0.151076739763859,-0.346329831019323,0.7177914563909,0.696139245193854
BGM-0156,-0.48658519310045,-0.346329831019298,0.0462833972541741,0.0246859592578976
BGM-0157,-0.31883096643217,0.32514958032678,0.549914441606723,0.52827592370988
BGM-0160,0.0166774869044401,-0.1784599781828,-0.121593617530053,-0.143177362226157
BGM-0161,-0.318830966432173,-0.682069536692391,-0.289470632314224,-0.311040683710121
BGM-0162,0.016677486904429,-0.514199683855857,-0.289470632314222,-0.311040683710121
BGM-0163,-0.989847873105318,1.50023855018254,0.214160412038336,0.192549280741901
BGM-0164,1.02320284691415,-0.17845997818279,0.0462833972541697,0.0246859592579056
BGM-0166,-0.486585193100448,0.325149580326779,0.549914441606684,0.528275923709793
BGM-0167,-0.318830966432172,-0.514199683855853,-0.457347647098437,-0.311040683710183
BGM-0168,-0.486585193100482,0.157279727490239,-0.793101676666811,-0.814630648162088
BGM-0169,-0.151076739763863,0.493019433163315,0.214160412038335,0.19254928074189
BGM-0171,-0.535647060995103,-0.311763977338662,0.102791770001277,-0.30361254514198
BGM-0174,-0.486585193100475,0.828759138836421,0.0462833972541235,0.0246859592578639
BGM-0179,0.0166774869044332,-0.178459978182817,0.0462833972541617,0.0246859592578853
BGM-0184,0.85544862024582,0.660889285999883,0.214160412038337,0.360412602225887
BGM-0185,1.35871130025074,0.325149580326786,0.214160412038336,0.0246859592578618
BGM-0186,0.0166774869044354,0.157279727490249,0.214160412038336,0.192549280741895
BGM-0187,1.53587185351559,-0.814754956438845,-0.232980823898949,-0.303185793774125
BGM-0188,-0.151076739763866,-0.178459978182796,-0.121593617530046,-0.311040683710121
BGM-0189,-0.15107673976387,-0.51419968385586,0.214160412038339,0.192549280741894
BGM-0190,0.352185940240997,0.660889285999884,0.214160412038339,0.192549280741893
BGM-0195,0.352185940240985,0.660889285999853,0.717791456390898,0.696139245193849
BGM-0199,-0.318830966432203,0.325149580326773,-0.121593617530062,-0.143177362226148
BGM-0201,-0.822093646437049,0.325149580326782,-0.121593617530058,-0.143177362226149
BGM-0202,0.0166774869044451,-0.514199683855858,-0.793101676666815,-0.814630648162145
BGM-0204,0.687694393577531,-0.514199683855841,0.214160412038339,0.192549280741891
BGM-0207,0.352185940240988,-0.514199683855813,-0.960978691450986,-0.814630648162184
BGM-0208,1.02320284691414,0.660889285999882,0.717791456390899,0.696139245193851
BGM-0209,0.0166774869044357,0.157279727490283,0.0462833972541323,0.0246859592578638
BGM-0210,-0.989847873105322,1.33236869734599,0.214160412038344,0.19254928074189
BGM-0211,-0.151076739763859,0.66088928599988,0.214160412038342,0.192549280741889
BGM-0212,0.352185940240983,0.493019433163313,0.0462833972541303,0.0246859592578642
BGM-0213,-0.486585193100452,0.157279727490235,0.38203742682253,0.360412602225887
BGM-0214,0.855448620245821,-0.346329831019308,-0.457347647098431,-0.478904005194195
BGM-0215,0.0166774869044375,-0.514199683855841,0.214160412038346,0.0246859592578656
BGM-0216,-0.0318185350744213,-0.311325594911262,-0.232980823898951,-0.303185793774125
BGM-0220,0.0166774869044401,0.157279727490219,0.214160412038346,0.192549280741907
BGM-0222,-0.486585193100476,-0.346329831019328,-0.793101676666809,-0.814630648162184
BGM-0226,-0.535647060995101,-0.311763977338668,0.102791770001277,0.70463457949404
BGM-0235,-0.318830966432197,-0.0105901253462894,0.214160412038337,0.19254928074189
BGM-0236,-0.486585193100451,0.996628991672986,0.549914441606667,0.696139245193772
BGM-0237,-0.989847873105329,0.157279727490251,0.214160412038345,0.192549280741888
BGM-0238,-0.989847873105313,-0.68206953669239,-0.62522466188259,-0.814630648162094
BGM-0239,-0.151076739763838,-0.514199683855857,-0.121593617530033,-0.311040683710157
BGM-0240,-1.49311055311018,-0.849939389528932,-0.79310167666681,-0.814630648162095
BGM-0247,-0.486585193100447,-0.0105901253462565,-0.79310167666681,-0.814630648162094
BGM-0248,-0.210683850122518,-0.615496074964311,-0.065844588746753,0.188647734516481
BGM-0250,-1.1576020997736,-0.514199683855843,-1.29673272101935,-1.31822061261408
BGM-0254,-0.486585193100445,-0.346329831019304,-0.289470632314221,-0.311040683710124
BGM-0257,-0.486585193100446,-1.01780924236546,-1.12885570623515,-1.1503572911301
BGM-0260,-1.49311055311018,-0.346329831019303,-0.289470632314219,-0.311040683710123
BGM-0261,-0.486585193100446,-0.849939389528934,0.214160412038342,0.528275923709881
BGM-0264,-0.822093646436984,-1.01780924236546,-1.29673272101934,-1.31822061261409
BGM-0266,-0.654339419768735,-0.682069536692392,-0.625224661882597,-0.311040683710144
BGM-0268,-1.15760209977358,-0.849939389528924,-0.457347647098376,-0.478904005194139
BGM-0269,-0.654339419768745,-0.682069536692397,-0.121593617530054,-0.478904005194136
BGM-0270,1.35871130025077,-0.311763977338672,-1.24164839599454,-1.31185966977801
BGM-0277,0.184431713572739,-0.346329831019299,-0.457347647098408,-0.478904005194136
BGM-0279,0.426682405489197,0.822540995908371,-0.232000632582208,-0.227873967126345
BGM-0281,-0.745908406688835,-0.853582176843957,-1.40535785234312,-1.40114292757421
BGM-0283,-0.578395433520474,-0.685969859568721,0.438489207281283,0.442565438843915
BGM-0284,-1.24844732619362,-0.685969859568708,0.10324428734957,0.107345735858828
BGM-0285,-0.57839543352056,-0.685969859568724,-0.0643781726162881,0.10734573585879
BGM-0286,-0.578395433520544,-0.853582176843914,0.270866747315409,0.274955587351348
BGM-0287,0.259169432320965,-1.18880681139437,-0.567245552513814,-0.395483818618885
BGM-0288,0.594195378657496,-1.02119449411913,0.270866747315427,0.274955587351365
BGM-0289,-0.243369487183923,-1.5513632044506,0.438489207281282,0.442565438843918
BGM-0290,-1.08093435302532,-0.183132907743033,0.103244287349557,0.274955587351351
BGM-0294,-0.916452803562634,-0.320000056807325,-0.504000390225547,-0.50419539071129
BGM-0297,-0.74869786359318,-0.487910000983467,-0.336082584941457,-0.336291017336411
BGM-0298,-1.05668116997119,-0.321589260679098,-0.454935020906392,-0.473736335271053
BGM-0303,0.761096596132527,1.52700932913039,1.00725985733141,1.00694396966231
BGM-0304,1.4321163560106,1.52700932913037,0.167670830910885,0.167422102788064
BGM-0306,0.593341656163,-0.320000056807351,-0.000246974373265181,-0.000482270586762484
BGM-0307,-0.413187983654078,-0.823729889335798,1.00725985733137,1.00694396966233
BGM-0308,-1.75522750341016,0.183729775721147,0.167670830910829,0.335326476162992
BGM-0314,-0.916452803562662,-0.320000056807349,-0.168164779657397,-0.168386643961573
BGM-0318,0.593341656162991,1.35909938495422,0.839342052047288,0.839039596287462
BGM-0323,-0.0776781037150862,-0.320000056807348,0.167670830910825,0.167422102788137
BGM-0326,0.957898207288342,2.36636452195872,1.56111896763125,1.54216707368606
BGM-0327,-1.08420774353218,-0.320000056807354,-0.50400039022555,-0.504195390711271
BGM-0336,0.0900768362544402,-0.152090112631183,0.671424246763168,0.671135222912653
BGM-0337,-1.5874725634408,-1.15954977768807,-0.336082584941452,-0.33629101733644
BGM-0341,-1.08420774353218,-0.487910000983494,-0.839836000793727,-0.840004137460956
BGM-0342,0.593341656163002,-1.66327961021656,-0.504000390225537,-0.504195390711292
BGM-0345,1.59987129598024,3.37434719044788,1.56111896763124,1.54216707368606
BGM-0349,0.593341656163,1.69491927330649,1.00725985733142,1.00694396966231
BGM-0352,0.0900768362544805,-1.3274597218642,-0.16816477965736,-0.168386643961577
BGM-0357,0.257831776223966,-1.32745972186428,-0.000246974373284588,-0.00048227058674267
BGM-0358,-0.245433043684578,0.183729775721128,-0.168164779657356,-0.168386643961568
BGM-0359,0.090076836254445,-0.487910000983471,-0.504000390225551,-0.504195390711266
BGM-0360,0.761096596132519,0.351639719897232,0.167670830910831,0.167422102788135
BGM-0364,0.0900768362544777,0.855369552425723,0.167670830910831,0.335326476162969
BGM-0366,0.090076836254443,-0.487910000983473,-0.168164779657351,-0.504195390711301
BGM-0368,-0.413187983654117,-0.320000056807344,-0.336082584941452,-0.336291017336412
BGM-0369,0.425586716193468,0.351639719897233,0.50350644147908,0.671135222912653
BGM-0374,-0.245433043684598,-0.15209011263117,-0.00024697437328352,0.335326476162971
BGM-0380,0.761096596132508,0.183729775721146,0.167670830910841,0.167422102788164
BGM-0382,1.09660647607157,1.02327949660187,0.50350644147908,0.335326476162991
BGM-0386,1.26436141604109,0.687459608249567,0.839342052047253,0.671135222912655
BGM-0388,1.09660647607157,0.351639719897235,-0.168164779657396,-0.168386643961583
BGM-0389,0.761096596132476,2.03073916165878,1.17517766261545,1.00694396966231
BGM-0390,0.593341656163001,-0.152090112631176,-0.504000390225586,-0.504195390711274
BGM-0394,0.25783177622396,0.5195496640734,0.503506441479081,0.503230849537809
BGM-0395,0.593341656163001,0.183729775721077,0.335588636194966,-0.168386643961577
BGM-0396,1.0966064760716,1.19118944077801,1.00725985733141,1.00694396966232
BGM-0398,0.0900768362544428,0.855369552425705,0.839342052047256,0.839039596287492
BGM-0399,-0.2454330436846,1.19118944077804,-0.000246974373285198,-0.000482270586738594
BGM-0400,-0.0776781037150423,0.183729775721076,0.50350644147908,0.503230849537812
BGM-0406,0.593341656162995,0.183729775721077,0.50350644147908,0.503230849537813
BGM-0407,0.090076836254484,0.687459608249563,0.335588636194965,0.335326476162972
BGM-0408,0.928851536102044,0.183729775721077,0.335588636194962,0.335326476162966
BGM-0410,0.257831776223983,-0.152090112631177,0.335588636194968,0.33532647616297
BGM-0411,0.257831776223961,0.0158198315449407,-0.336082584941442,-0.336291017336465
BGM-0413,0.593341656162993,-0.823729889335788,0.167670830910838,0.167422102788116
BGM-0414,0.92885153610207,0.687459608249573,0.167670830910869,-0.000482270586807736
BGM-0420,-0.2454330436846,-0.152090112631175,0.839342052047239,0.671135222912658
BGM-0422,0.593341656162999,0.85536955242572,0.335588636194965,0.167422102788097
BGM-0424,0.593341656163033,1.02327949660182,1.00725985733137,1.17484834303715
BGM-0425,1.76762623594966,1.82830180887274,0.647458415559274,0.643463146934835
BGM-0426,0.593341656162999,0.519549664073379,0.335588636194966,0.167422102788114
BGM-0427,1.59987129598015,1.52700932913025,0.335588636194952,0.335326476162991
BGM-0428,1.26436141604111,-0.152090112631174,-1.00775380607786,-0.840004137460944
BGM-0435,0.593341656163015,-0.152090112631176,-0.000246974373289164,-0.168386643961576
BGM-0436,0.928851536102049,0.35163971989723,-0.336082584941457,-0.33629101733641
BGM-0437,-0.413187983654092,0.183729775721073,0.335588636194957,0.167422102788099
BGM-0438,0.0900768362544509,0.68745960824954,-0.000246974373254925,-0.336291017336442
BGM-0439,-0.38515471088463,-0.657583483508779,-0.790944018996016,-0.80972023676393
BGM-0440,0.425586716193463,0.687459608249562,-0.168164779657388,-0.000482270586738896
BGM-0442,1.0966064760716,1.52700932913014,0.503506441479085,0.503230849537859
BGM-0444,0.593341656163039,1.35909938495411,0.671424246763205,0.839039596287458
BGM-0447,1.93538117591926,1.0223876306398,0.217082975272827,0.534215369207515
BGM-0448,0.593341656162998,0.0158198315449413,-0.336082584941439,-0.336291017336461
BGM-0449,-0.382949875594029,0.369094553689421,1.27725195458352,1.06013686126554
BGM-0451,0.957325474499066,1.37505894927585,1.10958054401876,1.06013686126552
BGM-0452,0.454722218214116,0.201433821091675,1.27725195458352,1.06013686126554
BGM-0456,-0.718018713117432,-0.636869841897,0.606566312324484,0.389504385147599
BGM-0460,0.119653380690824,-0.133887644103811,0.438894901759747,0.389504385147568
BGM-0461,0.119653380690825,0.201433821091668,0.941909133453976,0.892478742236028
BGM-0462,-0.047881038070807,0.536755286287157,0.438894901759746,0.389504385147568
BGM-0463,0.119653380690825,1.03973748408037,0.271223491194995,0.0541881470886096
BGM-0465,-0.324846540041117,0.451950218617688,0.542197957201693,0.180979093318625
BGM-0467,0.178541989112006,-0.219719870272651,-0.633286402746433,-0.658583362416515
BGM-0468,-0.828235069194073,-0.723472436940512,-0.633286402746445,-0.658583362416513
BGM-0470,-0.157050363656753,0.2840326963951,0.206345282930784,0.180979093318656
BGM-0471,-0.157050363656769,-0.0518023480501546,0.710124294337119,0.684716566759796
BGM-0472,-0.828235069194083,-0.219719870272758,-0.633286402746437,-0.826495853563488
BGM-0474,-0.660438892809779,-0.0518023480501406,-0.465360065610995,-0.490670871269455
BGM-0478,-0.828235069194074,-0.387637392495275,-0.465360065610992,-0.658583362416518
BGM-0480,-1.80105242826576,-0.810937849683236,-1.18055507540623,-1.38890244474257
BGM-0484,-0.324846540041125,-0.555554914717926,-0.465360065610997,-0.490670871269454
BGM-0489,-0.828235069194075,0.284032696395094,-1.13706541415275,-0.658583362416442
BGM-0495,0.34633816549632,0.787785263062916,0.542197957201685,0.516804075612758
BGM-0498,0.178541989111804,1.12362030750803,0.542197957201793,0.348891584465681
BGM-0499,1.01752287103363,1.62737287417599,1.04597696860797,1.02054154905382
BGM-0500,1.01774433096009,0.722642405383073,1.09745650737113,0.980062213594672
BGM-0505,1.18531904741796,1.29153782973071,0.542197957201676,0.68471656675981
BGM-0507,1.01774433096009,-0.28565195717149,0.0891118401680882,-0.0282041029591287
BGM-0508,1.18531904741795,0.619867740840322,0.374271620066224,0.348891584465691
BGM-0509,0.683303080341184,-0.826790555748762,-0.684832897029928,-0.618163461609224
BGM-0510,0.51413434188062,-1.05930748138577,-0.129507391340122,-0.49067087126945
BGM-0511,0.614844205532203,-1.29212293369783,-0.917901025382978,-1.03501019318279
BGM-0512,0.345997990570879,0.722642405383057,0.0891118401680868,0.980062213594672
BGM-0514,-1.16382742196278,0.619867740840313,-0.129507391340139,-0.658583362416512
BGM-0517,0.681930518264864,0.0504461636800423,-0.919232827034954,-1.37255919169754
BGM-0521,0.17854198911188,-0.219719870272697,-0.465360065611012,-0.154845888975464
BGM-0523,-0.157050363656766,0.116115174172455,-0.63328640274646,-0.490670871269452
BGM-0527,-0.492642716425417,-0.387637392495294,-0.465360065611001,-0.490670871269459
BGM-0529,-0.492642716425418,-0.219719870272669,-0.633286402746455,-0.154845888975389
BGM-0536,-0.324846540041118,0.116115174172438,0.206345282930813,0.0130666021716559
BGM-0537,0.178541989112005,-0.219719870272775,-0.297433728475564,-0.322758380122431
BGM-0540,0.681930518264905,-0.387637392495314,-0.633286402746424,-0.826495853563506
BGM-0541,0.849726694649267,-0.0518023480501296,0.0384189457953591,0.684716566759766
BGM-0542,-0.828235069194126,-0.891389959163218,-0.633286402746466,-0.490670871269412
BGM-0543,0.0107458127275598,-0.555554914717952,0.0384189457953354,0.348891584465688
BGM-0547,-0.324846540041107,-0.891389959163168,0.374271620066228,0.180979093318628
BGM-0549,1.68870757657105,0.386544284531574,0.089111840168074,-0.0282041029591256
BGM-0550,0.681930518264982,-0.387637392495319,0.878050631472559,1.02054154905378
BGM-0551,0.681930518264981,-0.38763739249532,0.206345282930783,0.180979093318674
BGM-0555,0.178541989111885,-0.0518023480502153,1.04597696860801,1.02054154905384
BGM-0556,-0.157050363656788,-0.219719870272769,0.0384189457953439,0.180979093318679
BGM-0557,0.0107458127275569,-0.55555491471795,-0.129507391340104,-0.154845888975376
BGM-0560,-0.492642716425444,-0.38763739249531,0.206345282930795,-0.154845888975415
BGM-0561,-0.324846540041106,-0.555554914717979,-0.633286402746447,-0.658583362416508
BGM-0563,-0.324846540041126,0.61986774084024,0.206345282930788,0.0130666021716536
BGM-0564,-0.828235069194129,-0.891389959163221,-0.29743372847556,-0.490670871269456
BGM-0570,0.17854198911199,0.619867740840172,0.0384189457954457,0.0130666021715838
BGM-0573,0.178541989111991,0.116115174172426,0.37427162006618,0.180979093318597
BGM-0574,-0.157050363656783,-0.0518023480501451,0.374271620066224,0.0130666021716131
BGM-0576,-0.157050363656784,-0.387637392495321,-0.29743372847557,-0.490670871269483
BGM-0579,-2.00511420079138,-1.29394631972604,-1.92757749423799,-2.04473673606673
BGM-0583,0.178541989112004,0.284032696395037,0.710124294337123,0.852629057906823
BGM-0587,-1.16382742196279,-0.55555491471793,-0.129507391340118,-0.658583362416502
BGM-0590,-0.49264271642542,-0.555554914717983,0.0384189457953472,0.0130666021716572
BGM-0591,0.681930518264873,0.722642405383069,-0.583117937967289,-0.364292875143729
BGM-0592,1.18531904741794,0.787785263062904,0.206345282930788,0.516804075612743
BGM-0593,0.010745812727561,-0.219719870272768,0.542197957201678,0.684716566759769
BGM-0598,-0.660438892809762,-0.555554914717947,-0.633286402746439,-0.994408344710575
BGM-0600,0.0107458127275598,-0.0518023480501411,0.0384189457953485,0.348891584465703
BGM-0601,0.178541989111987,-0.387637392495347,1.045976968608,1.35636653134789
BGM-0603,-0.828235069194082,-0.555554914717949,-0.129507391340106,-0.322758380122433
BGM-0606,-0.996031245578481,-0.891389959163217,-0.63328640274645,-0.322758380122464
BGM-0607,-1.33162359834712,-0.555554914717984,-0.801212739881919,-0.82649585356351
BGM-0614,-0.492642716425435,-0.387637392495345,0.0384189457953551,-0.32275838012247
BGM-0615,-0.660438892809786,-0.555554914718017,0.20634528293081,0.0130666021715868
BGM-0618,-0.157050363656839,0.78778526306285,0.20634528293086,0.180979093318591
BGM-0620,0.346338165496316,-0.0518023480501194,-0.129507391340137,-0.154845888975424
BGM-0623,1.20871861674938,0.933506771199522,1.15494168963475,1.14069577507441
BGM-0624,1.04114849308399,1.10119583971604,1.32264284915864,1.30838229457724
BGM-0625,1.04114849308398,0.598128634166537,0.65183821106301,0.469949697063058
BGM-0626,-0.948097484932363,-0.664218032895627,0.310592512871272,-0.457208476671873
BGM-0630,0.370867998422451,-0.575694845449043,0.316435892015202,0.469949697063096
BGM-0631,0.801981404147229,0.0251782726259946,0.741725961488268,0.889402119713099
BGM-0635,0.80198140414722,0.529289478054122,0.573679506781605,0.721371298250969
BGM-0638,-0.373247614719472,0.529289478054121,0.069540142661637,0.217278833864591
BGM-0642,-0.876917194233785,0.0251782726260272,-0.602645676165001,-0.790906094908093
BGM-0646,0.634091544309109,0.193215341102065,0.741725961488258,0.72137129825098
BGM-0648,0.298311824632886,1.2014377519583,0.741725961488261,1.0574329411752
BGM-0650,0.298311824632889,1.36947482043438,0.405633052074954,0.553340476788841
BGM-0651,-0.205357754881406,0.865363615006225,0.909772416194909,0.0492480124024704
BGM-0654,0.801981404147222,1.87358602586249,0.741725961488257,1.05743294117521
BGM-0655,1.20940260592348,0.714859028620837,1.84771770830758,1.56546195530987
BGM-0657,-0.0374678950432706,-0.310895864326091,0.405633052074943,0.217278833864608
BGM-0658,0.634091544309115,1.03340068348224,0.741725961488231,0.721371298250943
BGM-0659,0.634091544309126,0.0251782726260188,0.237586597368294,0.217278833864584
BGM-0660,-0.205357754881463,0.0251782726259947,-0.770692130871659,-0.454844451983871
BGM-0662,-0.541137474557567,1.03340068348227,-0.266552766751689,-0.11878280905966
BGM-0664,2.14510028285203,2.37769723129066,2.75828341796816,2.56971033433423
BGM-0665,-0.205357754881404,-0.81500706975422,-1.44287794969822,-1.46302938075656
BGM-0666,-1.04480705407189,0.0251782726259966,-0.602645676164953,-0.622875273446038
BGM-0670,-0.807660258569622,0.041846016127242,0.165090292577399,0.21948700545705
BGM-0671,0.298311824632905,0.361252409578078,-0.434599221458323,-0.454844451983866
BGM-0673,-0.37324761471947,0.0251782726259907,-0.602645676164971,-0.958936916370239
BGM-0678,0.130421964794774,0.865363615006262,-0.938738585578317,-0.958936916370207
BGM-0679,0.130421964794812,0.025178272625994,0.741725961488261,0.72137129825098
BGM-0680,-0.709027334395703,0.0251782726259946,-0.770692130871631,-0.622875273446
BGM-0682,-0.876917194233784,-0.310895864326092,-0.602645676164972,-0.454844451983881
BGM-0685,-0.709027334395691,-0.478932932802138,-0.602645676164965,-0.790906094908153
BGM-0693,-0.541137474557573,-0.646970001278156,-0.266552766751687,-0.454844451983876
BGM-0694,-0.876917194233791,-0.142858795850061,-0.266552766751687,-0.286813630521753
BGM-0697,-0.205357754881389,-0.815007069754217,-0.602645676164966,-0.622875273446002
BGM-0699,0.466201684470957,-0.81500706975422,0.237586597368298,0.0492480124024574
BGM-0700,0.298311824632878,-0.478932932802136,0.405633052074973,0.72137129825095
BGM-0702,0.130421964794802,-0.142858795850055,0.0695401426616604,0.553340476788794
BGM-0703,0.200871173676968,-0.294660490119534,0.165090292577399,0.219487005457047
BGM-0707,1.80932056317584,1.36947482043428,1.41391178031488,1.89758704848576
BGM-0711,-0.0374678950432783,-0.815007069754216,0.069540142661643,0.553340476788823
BGM-0714,-0.205357754881383,-1.15108120670631,-0.266552766751659,-0.118782809059695
BGM-0715,-1.28422057832111,-1.33700854507026,-0.698652598162486,-0.120824804390763
BGM-0717,0.130421964794803,-0.983044138230262,0.237586597368322,0.217278833864582
BGM-0718,-0.373247614719484,1.53751188891039,-0.602645676164963,-0.286813630521768
BGM-0726,-0.87691719423379,0.361252409578078,-0.602645676164958,-0.62287527344604
BGM-0728,-0.373247614719487,-0.478932932802121,-0.602645676164956,-0.286813630521797
BGM-0729,-0.876917194233787,-0.983044138230266,-0.0985063120450367,-0.118782809059654
BGM-0780-B,0.130421964794804,0.193215341102034,0.237586597368285,0.553340476788838
BGM-0781,-0.0374678950432764,1.53751188891039,0.573679506781597,0.889402119713083
BGM-0785,-0.709027334395702,-0.142858795850053,0.741725961488264,0.217278833864563
BGM-0788,-0.876917194233768,0.361252409578079,-0.938738585578316,-0.454844451983878
BGM-0805,-0.876917194233784,-0.478932932802133,-0.770692130871632,-0.454844451983891
BGM-0806,-1.21269691391,-0.646970001278168,-0.93873858557832,-0.790906094908114
BGM-0808,-1.04480705407189,-0.310895864326092,-0.26655276675169,0.0492480124024643
BGM-0810,-0.709027334395683,1.20143775195829,-0.26655276675169,0.21727883386458
BGM-0812,-0.709027334395688,-0.310895864326102,-0.0985063120450201,-0.286813630521754
BGM-0813,0.13042196479478,0.0251782726259914,-0.434599221458315,-0.454844451983932
BGM-0816,-0.709027334395683,-0.478932932802147,-0.602645676164957,-0.790906094908165
BGM-0817,-1.38058677374811,-0.983044138230256,-1.10678504028498,-1.29499855929449
BGM-0820,-0.541137474557567,0.529289478054144,0.0695401426616432,0.0492480124024537
BGM-0823,-0.87691719423379,0.0251782726259995,0.0695401426616452,0.0492480124024389
BGM-0843,-0.541137474557583,-0.478932932802156,0.237586597368294,0.0492480124024685
BGM-0846,-0.581137277649964,-0.712882067456647,-0.507184005314684,-0.710183606385953
BGM-0847,-0.413585544638316,-0.880539331901723,-1.01018834484755,-1.04549303068171
BGM-0848,-0.0784820786150498,-0.712882067456637,-1.01018834484758,-1.04549303068172
BGM-0849,-1.70134083360114,-1.80670472030799,-1.51747362950064,-1.64263166749354
BGM-0850,0.0368525057470632,-1.30899852064256,-0.558560804246802,-0.257946181180539
BGM-0851,-1.64134683843967,-1.47692715632381,-0.558560804246797,-0.0900224549761381
BGM-0856,-1.64134683843967,-0.301426706555145,-0.558560804246804,-0.425869907384925
BGM-0857,-0.634427231927613,0.0344305648073683,0.616988862096942,0.413748723637045
BGM-0858,-1.47352690402099,-0.63728397791763,0.281117528855813,0.0779012712281916
BGM-0859,-1.64134683843968,-0.805212613598865,-1.06236780410846,-0.593793633589316
BGM-0863,-0.802247166346282,-1.30899852064256,-0.390625137626299,-0.593793633589317
BGM-0866,0.372492374584459,-0.301426706555148,0.44905319547639,0.0779012712282885
BGM-0872,-0.466607297508917,-0.805212613598862,-0.558560804246835,-0.425869907384924
BGM-0873,-0.802247166346281,-0.805212613598879,-1.06236780410846,-1.09756481220237
BGM-0875,-0.63442723192761,-0.133498070873867,-0.390625137626301,-0.425869907384923
BGM-0877,-1.13788703518363,-0.133498070873867,-0.726496470867398,-1.09756481220238
BGM-0878,-1.13788703518363,-0.973141249280085,-0.726496470867352,-0.593793633589251
BGM-0882,-1.30570696960232,-0.805212613598882,-0.390625137626282,-0.0900224549761716
BGM-0885,0.204672440165772,-1.30899852064257,-0.726496470867362,-0.761717359793653
BGM-0886,1.32122264030245,0.545611557795521,0.162820077078557,0.70961783171775
BGM-0889,-0.970067100764964,-0.3014267065551,-0.726496470867393,-0.929641085997997
BGM-0893,0.20467244016574,-1.14106988496135,-0.558560804246836,-0.425869907384939
BGM-0894,-0.970067100764966,0.0344305648073101,-0.558560804246795,-0.761717359793636
BGM-0898,-1.1378870351836,-1.14106988496134,0.616988862096948,0.917519902250074
BGM-0900,-1.13788703518361,-0.301426706555102,-0.894432137487933,-0.929641085997992
BGM-0901,-0.298787363090266,-0.637283977917592,-1.230303470729,-1.26548853840673
BGM-0902,-0.970067100764973,-0.973141249280114,-2.06998180383167,-1.60133599081548
BGM-0903,0.204672440165782,-0.63728397791759,-0.0547538043851927,0.0779012712281892
BGM-0905,-1.02966006162257,0.209566375209311,-0.845356146868957,0.0375465462287979
BGM-0906,-0.298787363090231,0.874073743213555,-0.390625137626284,-0.257946181180559
BGM-0909,-0.802247166346285,-1.14106988496134,-1.230303470729,-1.09756481220238
BGM-0914,-0.802247166346288,-0.805212613598869,-1.230303470729,-0.929641085998017
BGM-0915,-0.298787363090264,0.37028783616984,-1.230303470729,-1.09756481220239
BGM-0917,-0.802247166346285,-0.30142670655512,-1.90204613721101,-1.43341226461115
BGM-0918,-0.802247166346289,0.202359200488549,-0.558560804246814,-0.761717359793679
BGM-0919,-0.130967428671621,0.0344305648073665,-0.726496470867363,-0.257946181180533
BGM-0920,0.708132243421759,0.0344305648073748,0.113181862235297,-0.0900224549761802
BGM-0922,0.540312309003092,0.706145107532315,-0.054753804385231,-0.0900224549761835
BGM-0925,0.708132243421808,1.881645557301,1.28873152857901,1.25336735465883
BGM-0930,0.372492374584435,2.04957419298225,0.952860195337865,0.917519902250139
BGM-0935,1.32122264030245,0.881656740381736,1.17099630102609,0.709617831717749
BGM-0936,1.04377211225908,0.538216471851075,1.28873152857907,1.42129108086318
BGM-0937,0.372492374584448,0.202359200488589,0.281117528855825,0.413748723636934
BGM-0940,-0.634427231927576,-0.469355342236341,-0.726496470867401,-0.593793633589298
BGM-0941,1.37941198109634,2.04957419298209,1.79253852844078,1.75713853327191
BGM-0942,1.04377211225911,0.202359200488591,0.616988862096902,0.581672449841288
BGM-0943,0.372492374584442,-0.46935534223639,-0.558560804246795,-0.593793633589253
BGM-0944,1.37941198109648,0.538216471851069,0.784924528717436,0.91751990225004
BGM-0945,1.21159204667778,1.37785965025723,0.616988862096879,0.749596176045676
BGM-0946,-0.298787363090298,0.034430564807364,-1.3982391373494,-0.761717359793665
BGM-0948,-0.298787363090295,0.202359200488598,-0.390625137626294,-0.593793633589289
BGM-0949,-0.802247166346243,0.202359200488605,-0.0547538043852153,-0.257946181180524
BGM-0952,-0.46660729750896,-0.301426706555097,-0.726496470867406,-0.761717359793675
BGM-0953,0.875952177840405,1.04200237889479,1.28873152857906,1.08544362845443
BGM-0954,-0.0184772048473713,-0.202047803313244,0.506213468957282,-0.316978713567234
BGM-0957,1.71505184993374,1.20993101457596,1.45666719519958,1.14417091080092
BGM-0958,1.71505184993374,1.37785965025715,1.62460286182012,1.5892148070675
BGM-0959,0.0368525057470616,0.370287836169832,0.616988862096902,0.581672449841291
BGM-0960,0.20467244016577,0.538216471851078,0.449053195476344,0.413748723636931
BGM-0961,0.372492374584421,-0.133498070873866,-0.0547538043852025,-0.0900224549761677
BGM-0962,-0.298787363090307,0.874073743213543,0.952860195337972,0.581672449841291
BGM-0963,-0.130967428671617,-0.301426706555085,-0.390625137626291,-0.425869907384945
BGM-0966,-0.130967428671618,-0.469355342236342,-0.72649647086739,-0.761717359793679
BGM-0967,0.540312309003088,0.202359200488617,-0.0547538043852055,-0.257946181180525
BGM-0968,0.708132243421756,-0.469355342236342,-1.06236780410842,-0.761717359793669
BGM-0971,0.372492374584421,-0.133498070873884,0.449053195476349,0.245824997432565
BGM-0972,1.32122264030245,0.881656740381737,0.49887881839439,1.04565347446222
BGM-0973,0.875952177840407,0.0344305648073523,0.784924528717444,0.749596176045666
BGM-0974,0.372492374584421,0.202359200488584,1.28873152857908,1.42129108086319
BGM-0975,0.708132243421769,0.874073743213587,1.28873152857907,1.25336735465881
BGM-0976,-0.130967428671633,0.0344305648073267,0.113181862235289,-0.257946181180553
BGM-0978,0.875952177840407,0.538216471851105,0.449053195476346,0.749596176045665
BGM-0979,0.204672440165762,0.034430564807336,0.281117528855823,0.245824997432566
BGM-0980,0.20467244016579,0.202359200488585,1.28873152857906,1.08544362845442
BGM-0981,0.204672440165789,0.0344305648073511,0.113181862235244,-0.0900224549761555
BGM-0982,0.204672440165761,0.370287836169836,0.784924528717458,0.917519902250043
BGM-0985,-0.0612871483230701,-0.351097674493209,1.0118572373297,1.01307091943128
BGM-0986,0.610162158138335,0.656744546016314,0.675897228163588,0.845103305627503
BGM-0987,-0.0612871483230528,0.152823435761581,0.00397720983142751,-0.162702377195434
BGM-0989,-0.56487412816909,-0.855018784747924,0.00397720983141652,-0.33066999099922
BGM-0992,1.11374913798441,0.656744546016273,0.843877232746631,0.845103305627502
BGM-0993,0.274437504907637,0.320797139179869,0.339937218997509,0.341200464216052
BGM-0994,0.274437504907617,-0.351097674493215,0.0039772098314079,0.00526523660842247
BGM-0995,-0.0612871483230722,-0.687045081329687,-1.00390281766694,-1.00254044621451
BGM-0996,0.778024484753707,0.152823435761529,0.171957214414478,0.173232850412194
BGM-0998,-0.229149474938446,-0.18312397107503,0.00397720983142629,0.17323285041219
BGM-1006,-0.564874128169099,-0.51907137791142,-0.164002794751677,-0.33066999099923
BGM-1023,1.44947379121508,0.488770842598105,0.84387723274664,0.845103305627507
BGM-1024,0.945886811369057,2.00053417336231,0.843877232746655,1.18103853323513
BGM-1025,0.442299831522988,0.152823435761593,0.171957214414461,0.173232850412239
BGM-1027,-0.397011801553756,-0.351097674493159,-0.164002794751632,-0.162702377195394
BGM-1028,0.0489618806828372,-0.265600600738148,0.659773860726035,0.331562630818747
BGM-1029,0.83641090487522,0.235323028099655,0.693099574967466,0.687617951316149
BGM-1031,0.106575178292295,0.488770842598069,-0.331982799334729,-0.330669990999219
BGM-1037,-0.0612871483230452,-0.0151502676566334,0.507917223580548,0.341200464216026
BGM-1042,-0.0612871483230717,0.992691952852904,0.171957214414433,0.00526523660842611
BGM-1043,-0.229149474938406,-0.351097674493185,-0.164002794751636,-0.162702377195394
BGM-1044,-0.622968082827786,0.406764657479388,0.323578106789182,-0.00460892873246864
BGM-1055,-0.564874128169089,0.152823435761609,0.507917223580534,0.677135691823667
BGM-1060,-0.564874128169091,-1.02299248816619,0.675897228163585,1.0130709194313
BGM-1064,0.106575178292284,0.992691952852908,-0.164002794751647,-0.162702377195389
BGM-1067,0.442299831522999,0.824718249434631,0.843877232746647,0.509168078019875
BGM-1068,0.106575178292285,-0.0151502676566532,0.675897228163584,0.677135691823666
BGM-1073,-0.0612871483230717,0.992691952852909,0.67589722816359,0.845103305627505
BGM-1077,-0.397011801553757,-0.0151502676566858,0.17195721441446,0.00526523660842475
BGM-1078,-1.40418576124583,-0.519071377911426,-0.331982799334702,0.00526523660842405
BGM-1079,-0.0612871483230629,-0.0151502676567115,0.00397720983139393,0.00526523660843007
BGM-1081,0.274437504907654,0.65674454601634,0.507917223580567,0.509168078019865
BGM-1082,0.106575178292315,0.320797139179836,-0.164002794751638,0.17323285041224
BGM-1087,-0.564874128169093,-0.0151502676567065,0.171957214414478,0.173232850412193
BGM-1091,-0.564874128169091,-0.183123971074938,0.00397720983139477,0.00526523660842445
BGM-1103,0.274437504907655,0.320797139179887,0.00397720983138814,0.00526523660840195
BGM-1105,0.442299831522962,-0.519071377911467,-0.164002794751675,-0.666605218606863
BGM-1106,-0.564874128169091,-0.351097674493164,0.00397720983140599,0.00526523660841705
BGM-1107,0.442299831522995,0.656744546016366,0.171957214414449,0.341200464216058
BGM-1108,0.106575178292299,-0.0151502676566861,0.00397720983140967,0.00526523660842251
BGM-1110,0.442299831522996,1.16066565627117,0.843877232746642,1.01307091943131
BGM-1111,0.442299831522996,0.320797139179893,0.675897228163588,0.509168078019869
BGM-1115,0.945886811369052,1.83256046994407,2.01973726482802,2.0208766022542
BGM-1116,-0.564874128169093,-0.519071377911427,0.171957214414481,0.00526523660838171
BGM-1118,-0.0612871483230728,-0.351097674493163,-0.499962803917743,-0.666605218606843
BGM-1119,-0.229149474938389,-0.351097674493204,0.17195721441445,0.173232850412245
BGM-1120,0.442299831522964,0.656744546016442,1.01185723732971,1.0130709194313
BGM-1123,-0.061287148323073,-0.0151502676566215,-0.164002794751664,-0.330669990999203
BGM-1126,-0.171652629418675,0.235323028099688,-1.66071361310224,-1.66602117058874
BGM-1127,-0.0612871483230731,-0.351097674493214,0.339937218997506,0.341200464216054
BGM-1128,-0.564874128169091,-0.68704508132967,-1.67582283599916,-1.33847567382212
BGM-1133,-1.57204808786119,-0.351097674493212,-0.33198279933467,-0.498637604803066
BGM-1134,-1.57204808786119,-1.19096619158446,-0.164002794751596,-0.162702377195445
BGM-1136,-0.564874128169091,-0.687045081329678,-0.164002794751649,-0.330669990999218
BGM-1137,-0.564874128169102,-1.02299248816618,-1.67582283599912,-1.67441090142975
BGM-1139,0.945886811369051,1.49661306310756,1.34781724649581,1.18103853323513
BGM-1141,-1.06846110801515,-1.52691359842097,-1.00390281766691,-1.17050806001829
BGM-1142,-0.564874128169091,-0.68704508132967,-0.667942808500814,-0.49863760480304
BGM-1143,1.11374913798438,1.83256046994408,2.18771726941107,2.35681182986183
BGM-1148,-1.06846110801515,-1.02299248816618,-1.84380284058224,-1.50644328762587
BGM-1152,-0.0612871483230721,-0.183123971074915,0.00397720983138616,-0.162702377195408
BGM-1153,-0.229149474938411,-1.02299248816618,-0.667942808500834,-0.66660521860685
BGM-1155,-0.564874128169091,-0.0151502676566843,-1.50784283141607,-1.33847567382211
BGM-1156,-1.06846110801517,-0.519071377911433,-1.50784283141606,-1.67441090142975
BGM-1158,-0.900598781399799,-0.183123971074914,-1.00390281766694,-0.834572832410672
BGM-1159,-1.57204808786119,-0.855018784747919,-0.667942808500839,-0.666605218606846
BGM-1162,-1.06846110801517,-0.855018784747919,-1.17188282224996,-1.17050806001829
BGM-1163,-1.06846110801514,-0.855018784747918,-1.00390281766692,-1.00254044621449
BGM-1164,-0.0612871483230449,0.15282343576164,-0.164002794751671,-0.162702377195406
BGM-1165,0.0489618806828377,-0.265600600738151,-0.0126176471476627,-0.00460892873247187
BGM-1167,0.106575178292307,0.488770842598108,0.171957214414461,0.173232850412242
BGM-1168,-0.0612871483230729,-0.519071377911422,-0.835922813083874,-0.498637604803016
BGM-1175,0.945886811369046,2.16850787678056,1.51579725107887,1.34900614703894
BGM-1178,-0.956217238365376,-0.21087489373718,-0.342950875412959,-0.318259656229419
BGM-1180,0.124864111031179,0.033077505666552,0.0896391648451419,0.0864851180900514
BGM-1188,-0.211196270319197,0.369505865417908,-0.415030958620033,-0.418131847706474
BGM-1190,0.965015064407102,0.369505865417929,0.0896391648451392,0.0864851180900399
BGM-1196,-0.715286842344813,-0.303350854084847,0.257862539333577,0.254690773355495
BGM-1198,-0.547256651669675,-0.471565033960547,0.257862539333574,0.254690773355491
BGM-1200,2.30925658980871,4.2384320025588,2.78121315665952,2.77777560233787
BGM-1203,-0.0431660796439896,0.0330775056665519,0.257862539333583,0.759307739151958
BGM-1213,0.292894301706438,0.0330775056665427,0.762532662798726,0.759307739152019
BGM-1214,0.292894301706428,-0.135136674209145,-0.0785842096432392,-0.249926192440976
BGM-1223,0.29289430170636,-0.135136674209132,-0.58325433310842,-0.58633750297195
BGM-1226,0.796984873731922,-0.471565033960533,0.930756037287145,0.759307739151944
BGM-1227,0.796984873731922,0.705934225169357,0.257862539333596,0.422896428620906
BGM-1236,0.292894301706438,0.705934225169281,0.426085913821967,0.42289642862098
BGM-1243,-0.379226460994395,-0.807993393711903,-0.246807584131628,-0.249926192440978
BGM-1245,0.796984873731951,1.88343348429915,1.26720278626401,1.26392470494838
BGM-1248,1.80516601778316,0.950483468780539,-0.15139325329641,-0.18230940870967
BGM-1249,1.30107544575756,-0.0598122730719133,-1.16174262431893,-1.19255779117779
BGM-1251,0.292894301706363,-0.639779213836221,-0.415030958620061,-0.754543158237411
BGM-1252,-0.211196270319225,-0.471565033960535,-0.24680758413163,-0.249926192440973
BGM-1253,-0.715286842344763,0.874148405045033,-0.0785842096432383,0.759307739151966
BGM-1254,0.053197083249354,-0.884863001006028,-0.00593637633668842,0.0187166479662383
BGM-1255,1.20616559567006,1.62401396334885,0.858956117726123,0.827938973758447
BGM-1259,-0.211196270319198,-0.135136674209169,0.594309288310349,0.422896428620975
BGM-1262,0.292894301706429,0.874148405044958,0.762532662798755,0.759307739151965
BGM-1263,-0.211196270319228,-0.303350854084841,-0.583254333108426,0.254690773355501
BGM-1265,-0.211196270319203,-0.135136674209152,-0.246807584131658,-0.249926192440972
BGM-1267,-0.715286842344766,-0.639779213836227,-1.08792445657362,-1.09095446876842
BGM-1269,-0.211196270319197,0.033077505666545,0.257862539333574,-0.249926192440972
BGM-1275,-0.476072604333634,0.613718221496403,-0.4881763769706,-0.519058869532378
BGM-1280,-0.211196270319196,0.0330775056665457,0.257862539333574,0.2546907733555
BGM-1281,-0.715286842344762,-0.135136674209153,-0.919701082085231,-1.0909544687684
BGM-1282,-0.211196270319195,-0.471565033960541,-0.919701082085232,-0.754543158237415
BGM-1283,-0.21119627031922,-1.14442175346332,-0.583254333108424,-0.418131847706459
BGM-1284,-0.715286842344761,-0.303350854084825,-0.415030958620001,-0.586337502972025
BGM-1285,-0.715286842344761,0.0330775056665542,0.257862539333576,-0.0817205371754895
BGM-1286,-1.72346798639602,0.0330775056666049,-0.75147770759675,-0.586337502971936
BGM-1288,-1.5554377957208,0.369505865417939,-0.246807584131629,-0.249926192440974
BGM-1291,0.292894301706361,-0.639779213836236,-0.751477707596846,-0.754543158237407
BGM-1294,0.796984873731923,-1.7436385094927,-0.4881763769706,-0.519058869532378
BGM-1300,-0.547256651669599,-1.14442175346325,-0.919701082085226,-0.92274881350297
BGM-1305,-0.715286842344734,-0.976207573587575,-0.415030958620049,-0.58633750297192
BGM-1306,0.965015064407109,-0.976207573587577,0.762532662798758,0.927513394417459
BGM-1310,-1.14896788433509,-1.07010801492438,-0.824959500644757,-1.19255779117779
BGM-1313,0.796984873731924,-1.7436385094927,0.185389870377759,-0.182309408709672
BGM-1318,-0.715286842344736,-0.303350854084858,0.25786253933358,-0.249926192440977
BGM-1323,-0.547256651669599,-0.976207573587576,-1.08792445657363,-1.09095446876842
BGM-1324,-0.211196270319222,-1.14442175346325,-0.919701082085236,-1.25916012403389
BGM-1327,-0.715286842344734,-0.639779213836225,-0.751477707596746,-0.586337502972026
BGM-1328,-0.211196270319206,0.201291685542223,0.0896391648451798,0.0864851180900123
BGM-1332,-1.05134722369513,-0.303350854084844,-0.751477707596836,-0.754543158237442
BGM-1333,-0.211196270319221,-1.14442175346327,-0.0785842096432238,-0.249926192440968
BGM-1335,-1.55543779572083,-0.976207573587576,-0.919701082085235,-0.922748813502905
BGM-1338,-0.883317033020005,-0.303350854084847,-0.0785842096432475,-0.0817205371754694
BGM-1345,-0.526658941516905,0.0524061105201216,-0.050123637003759,0.0117989566238919
BGM-1347,0.144890712331841,0.0524061105201333,0.285918397477109,0.347813222301815
BGM-1348,-0.358771528054733,-0.283620756532956,-0.218144654244169,-0.156208176215098
BGM-1349,0.144890712331841,0.556446411099696,0.621960431957948,0.68382748797983
BGM-1354,-0.0229967011303622,-0.283620756532937,-0.0501236370037661,0.0117989566238649
BGM-1356,0.745559631182357,0.477236874852446,1.67535232307219,1.79447708671493
BGM-1358,-0.262537987755195,0.140905537561107,-0.342729915846005,-0.223439851427468
BGM-1359,-0.862433768441283,-0.619647623586024,-1.22627075768675,-1.33225810608788
BGM-1362,-0.358771528054751,-0.619647623586022,-0.722207705965446,-0.492222441893027
BGM-1363,-0.190884114592562,0.0524061105201191,-0.0501236370037723,0.0117989566239109
BGM-1364,-0.358771528054754,-0.451634190059488,-0.386165671484647,-0.324215309054086
BGM-1369,-0.358771528054732,-0.283620756532955,-0.0501236370037509,-0.156208176215083
BGM-1370,-0.862433768441268,-0.283620756532961,-0.722207705965449,-0.660229574732027
BGM-1371,-0.694546354979119,-0.451634190059492,0.285918397477052,0.347813222301908
BGM-1376,-0.862433768441325,-0.787661057112545,-0.722207705965448,-0.6602295747321
BGM-1377,-0.526658941516924,0.220419544046653,-0.218144654244168,-0.156208176215095
BGM-1386,-0.310498077658811,-0.407358513032255,-0.0282437080673339,0.0622744210556266
BGM-1388,-0.862433768441309,-0.451634190059479,-1.22627075768674,-0.828236707570962
BGM-1389,-0.137987902461001,-0.534617482249497,-0.242928348843487,-0.371118203310961
BGM-1393,-0.742243548098482,-0.534617482249491,-1.65389135937618,-1.17732583807999
BGM-1395,0.816440366180627,-0.0360011948105391,-0.0939628676348811,-0.425613171796277
BGM-1397,-1.03032118190345,0.220419544046689,-0.386165671484632,0.011798956623861
BGM-1398,-0.526658941516914,-0.955674490639078,-1.5623127921676,-1.33225810608793
BGM-1400,-0.358771528054734,-0.115607323006425,-0.218144654244211,-0.324215309054082
BGM-1402,0.869104840268084,1.68253612971264,0.966468517327378,1.03974515753475
BGM-1403,0.144890712331832,-0.115607323006411,-0.21814465424423,-0.156208176215025
BGM-1407,0.144890712331855,0.388432977573156,-0.722207705965515,-0.660229574731989
BGM-1408,-0.358771528054734,0.0524061105201088,-1.22627075768674,-0.828236707570955
BGM-1409,-0.69454635497912,-0.283620756532957,-0.554186688725018,-0.324215309054069
BGM-1410,-0.358771528054733,-0.451634190059473,-0.722207705965482,-0.492222441892993
BGM-1412,0.144890712331831,-0.451634190059491,0.621960431957954,0.851834620818754
BGM-1413,0.144890712331901,0.892473278152757,0.789981449198378,0.851834620818753
BGM-1414,-0.862433768441284,0.220419544046643,0.117897380236674,0.17980608946288
BGM-1415,0.648552952718427,0.052406110520107,0.453939414717525,0.683827487979771
BGM-1416,1.48799002002934,1.39651357873236,0.117897380236653,0.347813222301857
BGM-1417,1.15221519310499,0.892473278152791,0.958002466438769,1.35585601933576
BGM-1419,1.48799002002942,-0.0360011948105507,0.242410953733735,-0.0892672931757516
BGM-1420,-0.358771528054732,-0.787661057112555,-0.722207705965468,-0.660229574731989
BGM-1422,-0.190884114592523,0.220419544046637,0.117897380236674,0.17980608946286
BGM-1423,-0.526658941516917,-0.283620756532947,-0.218144654244167,-0.156208176215101
BGM-1429,0.648552952718423,-0.451634190059473,-0.0501236370037463,0.0117989566238912
BGM-1432,2.15953967387812,0.300356746457216,0.915158596471013,0.919770342685802
BGM-1436,0.14489071233183,-0.115607323006411,-0.386165671484602,-0.660229574732036
BGM-1437,0.14489071233183,-0.11560732300641,-0.386165671484602,-0.156208176215081
BGM-1442,0.648552952718391,-0.11560732300642,-0.218144654244175,0.179806089462879
BGM-1444,1.15221519310503,-0.78766105711256,0.285918397477113,-0.324215309054052
BGM-1446,1.15221519310499,-0.283620756532941,0.789981449198382,0.515820355140827
BGM-1447,1.15221519310503,1.39651357873237,0.789981449198381,0.683827487979772
BGM-1451,0.144890712331828,0.052406110520102,0.621960431957945,0.515820355140863
BGM-1453,0.144890712331836,-0.787661057112561,-0.890228723205897,-0.828236707571028
BGM-1454,-0.19088411459251,-0.619647623586025,-0.554186688725019,-0.324215309054082
BGM-1455,0.552665581633175,0.63671468772498,0.242410953733735,0.583424464065288
BGM-1456,0.648552952718424,-0.11560732300642,-0.386165671484607,0.0117989566239185
BGM-1457,0.144890712331836,-0.451634190059484,0.117897380236666,0.0117989566239299
BGM-1458,-0.52665894151692,-0.283620756532942,-0.218144654244166,-0.324215309054072
BGM-1464,0.00915600124943738,0.306230292195777,0.0765632414097822,0.0455102871752864
BGM-1465,-0.3587715280547,-0.787661057112552,-0.218144654244166,0.011798956623889
BGM-1466,-0.190884114592539,1.06048671167932,0.117897380236664,0.0117989566239302
BGM-1472,-0.526658941516911,-0.45163419005947,0.117897380236664,0.179806089462896
BGM-1474,-0.358771528054731,-0.78766105711256,-0.0501236370037632,0.0117989566239287
BGM-1479,0.144890712331914,0.220419544046633,0.117897380236664,0.347813222301833
BGM-1480,-0.694546354979078,0.0524061105201015,-0.554186688725058,-0.492222441893
BGM-1481,0.144890712331827,0.724459844626216,0.621960431957949,0.347813222301844
BGM-1484,-0.862433768441277,-0.283620756532948,-0.554186688725019,-0.660229574732036
BGM-1485,0.648552952718425,1.06048671167932,1.12602348367922,0.851834620818796
BGM-1487,0.648552952718425,0.220419544046636,0.621960431957943,0.515820355140825
BGM-1488,-0.358771528054731,-0.451634190059483,-0.554186688725014,-0.660229574732036
BGM-1489,-0.967769018621401,0.315635148398602,-0.258689972123915,-0.383429250791905
BGM-1497,-0.197334263723124,0.405638728554289,0.736423008910184,0.447645158846842
BGM-1498,-0.533149877679973,0.909772204138471,-0.776058874194934,-0.896659300643764
BGM-1499,-0.0294264567446923,0.405638728554272,-0.271898246493194,-0.22450707089846
BGM-1502,-0.86896549163685,-0.266539238891327,-0.103844703925961,-0.392545128334765
BGM-1503,0.1384813502337,-0.0984947470299196,-0.608005331627713,-0.560583185771145
BGM-1507,0.642204771168991,0.0695497448314883,-0.439951789060433,-0.392545128334816
BGM-1508,-0.029426456744698,-0.266539238891328,-0.776058874194941,-0.728621243207461
BGM-1511,-0.0294264567447257,0.405638728554304,0.400315923775707,0.279607101410423
BGM-1515,-0.0294264567447027,-0.266539238891321,0.400315923775768,0.279607101410522
BGM-1518,0.138481350233717,-0.770672714475532,0.0642088386412827,0.111569043974192
BGM-1519,-0.397183781871111,-0.0165598390687096,-0.368191675629673,-0.240195795407331
BGM-1520,-0.36524207070157,-0.770672714475533,-0.439951789060423,-0.560583185771104
BGM-1521,-0.365242070701554,-0.770672714475521,-0.608005331627715,-0.728621243207449
BGM-1525,0.306389157212132,-0.434583730752725,0.232262381208528,0.111569043974173
BGM-1527,1.48174380606112,0.909772204138478,0.568369466342988,0.447645158846726
BGM-1535,-0.465474544892309,-0.562395613884834,-0.10996882285966,-0.274619471856643
BGM-1549,-0.365242070701556,-0.602628222614107,0.568369466342951,0.447645158846872
BGM-1552,1.3138359990827,1.2458611878613,1.2405836366119,1.2878354460284
BGM-1560,-0.868965491636836,-0.434583730752707,-0.103844703926001,0.279607101410427
BGM-1567,0.642204771168955,-1.19053422686899,-0.849442460981956,-1.55571108306591
BGM-1569,0.138481350233697,0.405638728554274,0.23226238120847,0.111569043974147
BGM-1579,-0.365242070701572,-0.0984947470299171,-0.43995178906042,-0.392545128334718
BGM-1584,-0.67037096690006,-0.517325266687954,-0.512818703040748,-0.209347686275644
BGM-1585,1.14592819210427,0.573683220415696,1.40863717917913,1.11979738859208
BGM-1586,-0.365242070701571,0.237594236692878,0.0642088386412522,0.111569043974107
BGM-1594,0.946992145244239,-0.689321396782737,0.641005841437682,0.432542340736245
BGM-1596,0.978020385125807,-0.853929746778479,-0.849442460981956,-0.882529384670791
BGM-1598,0.138481350233698,0.237594236692897,-0.271898246493192,-0.224507070898456
BGM-1604,1.14592819210427,0.573683220415678,-0.103844703926007,-0.056469013462181
BGM-1605,-0.365242070701573,0.405638728554281,-0.439951789060437,-0.560583185771126
BGM-1606,1.64965161303955,-0.517325266687954,-0.176194945099523,-0.209347686275643
BGM-1608,-0.701057684658426,-0.266539238891344,-0.439951789060421,-0.56058318577106
BGM-1609,1.14592819210427,-0.0984947470299318,0.400315923775758,0.279607101410511
BGM-1610,0.642204771168993,0.237594236692897,0.23226238120853,0.447645158846867
BGM-1613,0.47429696419052,0.573683220415671,-0.103844703925947,-0.0564690134621118
BGM-1619,-0.0294264567447247,-0.0984947470299331,-0.608005331627664,-0.728621243207423
BGM-1621,-1.03687329861524,-0.602628222614117,-0.439951789060427,-0.224507070898459
BGM-1622,-0.701057684658425,-0.602628222614104,-0.608005331627668,-0.89665930064374
BGM-1623,-0.304324705009463,0.119507099011636,0.246589738924553,0.108435653806503
BGM-1626,-0.868965491636847,-0.938717206336945,-1.28021950189665,-1.23273541551643
BGM-1628,0.642204771168964,1.41390567972271,0.736423008910181,0.615683216283115
BGM-1629,0.810112578147431,0.909772204138506,0.568369466342984,0.615683216283172
BGM-1631,0.978020385125854,0.573683220415698,0.904476551477417,0.615683216283115
BGM-1637,-0.0294264567447173,-0.0984947470299394,0.232262381208516,-0.0564690134621154
BGM-1638,0.138481350233728,0.405638728554306,-0.271898246493231,0.447645158846828
BGM-1639,0.306389157212142,-0.266539238891327,0.568369466342986,0.951759331155759
BGM-1643,-0.197334263723146,0.0695497448314918,-0.439951789060426,-0.224507070898465
BGM-1645,0.978020385125821,1.41390567972272,0.904476551477463,0.951759331155775
BGM-1646,1.4817438060611,-0.517325266687954,1.17030008666535,1.13701571051461
BGM-1649,1.31383599908268,1.07781669599988,0.904476551477455,0.951759331155815
BGM-1656,1.48174380606112,1.0778166959999,0.736423008910219,0.951759331155814
BGM-1657,1.14592819210424,2.08608364716833,0.904476551477418,1.11979738859205
BGM-1658,0.904259635476246,1.12742489473898,0.448181555079551,0.511587630553999
BGM-1659,0.642204771168996,0.405638728554304,0.904476551477458,0.951759331155813
BGM-1660,1.14592819210423,2.08608364716834,2.41695843458253,2.12802573321002
BGM-1661,0.138481350233703,0.0695497448314782,0.568369466342939,1.11979738859206
BGM-1662,1.14592819210428,0.405638728554283,1.07253009404469,0.951759331155827
BGM-1666,0.642204771168995,0.405638728554288,0.904476551477411,1.11979738859206
BGM-1667,-0.975933212034439,-0.781151596929894,-0.748926615923696,-0.678845708230077
BGM-1668,-0.0467214537668658,-0.0358287436609177,-0.123822559649709,-0.111414219371096
BGM-1669,-0.046721453766829,-0.538769378848519,0.21149208396584,0.223874489486281
BGM-1672,1.62865825981348,1.13769940511011,0.882121371196893,0.894451907200963
BGM-1674,1.12604434573938,1.30534628350597,1.55275065842796,1.39738497048698
BGM-1675,-0.381797396482892,-0.538769378848524,0.211492083965841,0.0562301350575921
BGM-1677,0.623430431665255,1.13769940511011,0.379149405773675,0.391518843914967
BGM-1679,-0.317642345374211,0.370403151058543,-0.172464541026899,-0.137021466630528
BGM-1680,-0.0611398000922637,-0.689321396782738,-1.37738919269701,-1.24930299962257
BGM-1682,-0.000336497243509839,-0.380244182292325,-0.554073511300075,-0.430369556911299
BGM-1683,0.502949936399238,0.291218362619638,0.285290601346102,0.241075684899091
BGM-1684,0.670712080946822,-0.0445129098363163,0.956781891463033,0.744659616256901
BGM-1685,0.335187791851656,0.123352726391647,0.28529060134611,0.576798305804287
BGM-1686,-0.671385075433856,-0.380244182292337,0.453163423875295,0.408936995351674
BGM-1690,-0.503622930886253,-0.0445129098363494,-0.386200688770846,-0.430369556911287
BGM-1691,1.34176065913715,1.46627781621561,2.13189164916763,1.91968878942505
BGM-1692,0.670712080946822,0.626949635075616,0.285290601346116,0.408936995351696
BGM-1693,-0.168098641791081,-0.0445129098363524,0.285290601346105,0.408936995351689
BGM-1696,0.838474225494403,-0.380244182292328,-0.386200688770839,-0.430369556911295
BGM-1697,-0.168098641791094,-0.380244182292297,-1.05769197888776,-0.766092177816457
BGM-1698,-1.17467150907659,0.459083998847607,-0.0504550437124047,-0.0946469360061066
BGM-1700,-0.335860786338685,-0.548109818520323,-0.386200688770842,-0.430369556911283
BGM-1701,-0.503622930886249,-0.0445129098363519,-0.386200688770835,-0.430369556911278
BGM-1702,0.838474225494397,0.291218362619645,0.956781891463039,0.91252092670949
BGM-1703,1.34176065913715,2.13774036112754,1.62827318157995,1.58396616851986
BGM-1704,0.838474225494397,1.29841217998758,0.956781891463037,1.08038223716206
BGM-1705,-0.671385075433825,0.123352726391642,-0.218327866241595,-0.262508246458708
BGM-1706,-0.168098641791097,-0.715975454748312,-0.386200688770839,-0.0946469360061063
BGM-1707,-0.000336497243514841,-0.380244182292336,0.117417778816876,0.241075684899107
BGM-1709,-0.000336497243513555,-0.380244182292335,0.285290601346107,0.0732143744464954
BGM-1710,0.335187791851684,-0.548109818520298,0.117417778816874,0.241075684899126
BGM-1712,-0.168098641791096,-0.715975454748287,-0.218327866241605,0.0732143744465361
BGM-1715,0.335187791851685,-0.54810981852029,-0.889819156358527,-0.933953488269074
BGM-1716,-0.000336497243473817,-0.0445129098363441,-0.218327866241597,-0.0946469360060713
BGM-1718,0.167425647304072,-0.212378546064329,-0.0504550437123723,0.073214374446537
BGM-1721,0.838474225494403,0.794815271303601,0.117417778816886,0.263258985705528
BGM-1722,1.67728494823236,1.63414345244354,1.46040035905076,1.41610485806728
BGM-1723,0.335187791851657,0.626949635075623,0.285290601346115,0.408936995351696
BGM-1725,-0.000336497243513698,-0.0445129098363511,0.117417778816879,0.0732143744464996
BGM-1726,0.335187791851686,0.291218362619657,-1.05769197888777,-0.933953488269073
BGM-1727,0.502949936399236,0.123352726391647,0.453163423875353,0.408936995351696
BGM-1729,-0.16809864179108,-0.0445129098363433,0.621036246404582,0.408936995351696
BGM-1730,-0.168098641791081,-0.380244182292327,0.117417778816873,0.241075684899106
BGM-1732,-0.168098641791081,-0.212378546064339,0.453163423875345,0.576798305804263
BGM-1733,0.574535655985098,-0.20050643932686,-0.263103546823822,-0.401370962697644
BGM-1734,0.167425647304072,0.291218362619633,-0.721946333829305,-0.933953488269033
BGM-1737,0.335187791851665,0.29121836261964,-0.0504550437123492,-0.0946469360061024
BGM-1739,-0.671385075433856,-0.0445129098363614,-0.889819156358528,-0.766092177816489
BGM-1741,0.854498152588785,1.2196544192292,0.619888275064086,0.60501027565323
BGM-1742,0.167425647304071,0.459083998847678,0.621036246404565,0.40893699535168
BGM-1743,-0.168098641791093,-0.380244182292327,-0.554073511300064,-0.598230867363871
BGM-1744,-0.671385075433825,-0.0445129098363401,-0.0504550437123574,0.0732143744464937
BGM-1745,-0.335860786338644,-0.715975454748285,-1.05769197888775,-1.10181479872165
BGM-1747,-0.639728529243117,-0.705877666698763,0.115422749573389,0.129925597965833
BGM-1748,0.167425647304078,-0.380244182292326,0.117417778816868,0.0732143744464934
BGM-1749,-0.671385075433826,-0.380244182292331,-0.554073511300064,-0.430369556911293
BGM-1750,1.34176065913718,0.952650033847567,-0.55237369977058,-0.319333102901973
BGM-1752,-0.661201314743355,-0.0409862153895118,-0.779458567396046,-0.804035371359115
BGM-1754,-0.000336497243512555,-0.71597545474831,0.285290601346111,0.241075684899106
BGM-1756,-0.168098641791097,0.12335272639164,-0.386200688770827,-0.430369556911293
BGM-1757,-0.0609936848883863,-0.243754548578767,-0.890027516838298,-0.922426923715538
BGM-1760,-0.671385075433824,-0.8838410909763,-0.0504550437123588,0.0732143744464933
BGM-1761,-0.839147219981417,-0.715975454748283,-0.721946333829289,-0.430369556911277
BGM-1762,-1.00690936452903,-0.548109818520317,-0.554073511300065,-0.766092177816456
BGM-1763,-0.503622930886262,-0.715975454748309,-0.554073511300065,-0.59823086736387
BGM-1764,-0.671385075433825,-0.212378546064344,-0.218327866241584,-0.262508246458662
BGM-1766,-0.866114283237042,-0.847934312287756,-1.29282694626107,-1.32520361129542
BGM-1767,-0.168098641791092,-0.715975454748282,-0.554073511300065,-0.598230867363871
BGM-1768,-0.325400254129988,-0.377073186942312,-0.443343700133885,-0.467955328919571
BGM-1769,0.838474225494407,-0.380244182292304,0.11741777881687,-0.0946469360060925
BGM-1770,0.335187791851661,-0.548109818520326,0.453163423875345,0.241075684899103
BGM-1771,0.335187791851668,-0.715975454748281,0.285290601346114,0.408936995351699
BGM-1772,-0.671385075433825,-0.548109818520316,-1.22556480141699,-1.26967610917424
BGM-1779,-0.168098641791091,-0.883841090976302,-0.0504550437123637,0.073214374446493
BGM-1782,0.167425647304087,-0.212378546064342,-1.05769197888776,-0.933953488269068
BGM-1783,0.335187791851653,-0.715975454748311,0.11741777881687,0.0732143744464921
BGM-1784,0.670712080946829,-0.212378546064314,-0.218327866241589,-0.430369556911296
BGM-1794,-0.16809864179108,-0.548109818520325,-1.05769197888777,-0.933953488269073
BGM-1810,-0.335860786338691,-0.212378546064347,-0.386200688770836,-0.430369556911287
BGM-1814,0.335187791851666,-0.380244182292305,-0.218327866241598,-0.262508246458692
BGM-1816,-0.335860786338666,-0.548109818520294,-0.218327866241593,-0.430369556911287
BGM-1817,0.335187791851661,0.123352726391636,-0.72194633382929,-0.766092177816481
BGM-1818,-0.639728529243119,-0.705877666698762,-0.556651645611337,-0.542110421978922
BGM-1819,0.620593581899672,-0.202789437763192,-0.355796103539661,-0.401954833047979
BGM-1821,-0.217271492968637,-0.705834507858026,0.147284268746665,-0.0665950954082341
BGM-1822,-0.719990537889631,-0.705834507858012,-0.188102646110901,0.101084773411635
BGM-1832,-0.76975767768314,-0.837356106816481,-0.431324576617268,-0.318314148918339
BGM-1834,1.07818538492388,-0.164685237829486,0.241392655428988,0.186166624014017
BGM-1835,0.406206089430399,-0.501020672323,0.745930579463646,0.690647396946311
BGM-1847,-0.131673452982493,-0.709894386991089,-0.156617125385261,-0.263863857686908
BGM-1866,0.0702164416836717,0.00348247941726192,0.0732133474174221,0.186166624014023
BGM-1876,0.742195737177145,2.02149508637824,2.25954435156771,2.03592945809922
BGM-1878,2.22262186273656,3.66658461162516,3.21013626949597,3.10252471772871
BGM-1880,-0.265773206063035,-1.0055238240632,-0.431324576617294,-0.654634664206562
BGM-1881,0.238211265557053,-0.669188389569741,0.241392655428981,0.186166624013988
BGM-1884,0.742195737177146,1.68515965188472,1.25046850349831,1.19512816987862
BGM-1942,0.742195737177151,1.18065650014449,1.4186478115099,1.3632884275228
BGM-1956,0.406206089430418,0.00348247941726347,0.409571963440545,0.522487139302208
BGM-1957,-0.0977783821896732,-0.164685237829478,-0.431324576617293,-0.654634664206561
BGM-1962,0.406206089430419,-0.837356106816484,0.241392655428973,0.186166624014019
BGM-1980,0.742195737177145,0.844321065651014,0.745930579463643,0.690647396946314
BGM-1985,-0.0977783821896758,-0.669188389569742,0.409571963440539,0.522487139302246
BGM-1999,0.238211265557053,0.844321065650993,0.241392655428981,0.186166624013988
BGM-2018,0.574200913303779,-0.164685237829483,0.0732133474174047,-0.15015389127423
BGM-2019,0.0702164416836964,0.00348247941723637,-0.263145268605736,-0.150153891274234
BGM-2022,-0.769757677683137,-0.332852955076257,-0.263145268605707,-0.318314148918339
BGM-2028,-0.265773206063039,0.00348247941726483,-0.767683192640417,-0.822794921850666
BGM-2030,0.742195737177148,-0.501020672322974,-0.0949659605941525,0.186166624014017
BGM-2032,0.238211265557047,-0.332852955076225,-0.0949659605941761,-0.150153891274234
BGM-2035,0.0702164416836813,-0.33285295507623,0.409571963440546,0.522487139302209
BGM-2042,-0.265773206063041,-0.332852955076231,0.0732133474174111,0.0180063663699098
BGM-2047,-0.601762853809773,-0.16468523782951,-0.263145268605717,-0.318314148918337
BGM-2048,-0.265773206063036,-0.837356106816488,-0.767683192640396,-0.822794921850666
BGM-2053,-0.601762853809771,0.00348247941727162,-0.0949659605941376,-0.150153891274226
BGM-2055,-0.265773206063038,-0.669188389569715,0.409571963440535,0.522487139302272
BGM-2059,0.574200913303771,0.171650196664018,0.745930579463672,0.690647396946316
BGM-2060,0.0702164416836894,-0.332852955076247,0.241392655428977,0.354326881658162
BGM-2061,-0.265773206063027,0.17165019666399,0.0732133474174199,0.186166624014019
BGM-2063,-0.0977783821896753,-0.164685237829474,-0.431324576617263,-0.486474406562445
BGM-2064,1.37111798037498,1.47667958080406,1.61003404723621,1.57181816788463
BGM-2065,-0.433768029936401,-1.34185925855672,0.0732133474174167,0.0180063663699186
BGM-2066,0.272481424823372,-0.630466045052152,0.977657084107397,0.974294816812313
BGM-2069,-0.601762853809772,0.676153348404213,-0.0949659605941429,0.0180063663699165
BGM-2072,-0.265773206063037,0.171650196663979,-0.263145268605736,-0.150153891274234
BGM-2073,3.30203100791199,NA,NA,NA
BGM-2074,0.609098045166562,-0.630466045052153,-1.38178461638788,-1.04783468872125
BGM-2076,1.28233128585291,0.380650211254687,0.640593984036675,0.637273232556702
BGM-2078,2.22262186273656,3.66658461162516,3.21013626949597,3.10252471772871
BGM-2079,1.24618020879719,-0.70989438699109,-0.829967804361508,-0.937141572770032
BGM-2080,0.0433656862476189,0.0787458295134933,-0.149913468857224,-0.396460736542744
BGM-2081,-0.468001355228073,0.636714535660066,-1.16664314384963,-0.937141572770032
BGM-2082,0.57420091330377,-0.501020672322973,-0.599503884628855,-0.654634664206558
BGM-2083,0.742195737177146,0.844321065651,0.577751271452073,0.522487139302208
BGM-2086,-1.27374214930323,-0.669188389569718,-0.431324576617262,-0.486474406562445
BGM-2094,1.47177449141345,0.300062304997274,-0.156617125385262,0.0727749998546562
BGM-2095,-0.504659720305296,-0.469636004119127,-0.334945166357634,-0.332533390473327
BGM-2098,-0.632433827248063,0.16214864814481,1.00835493513049,1.01761038629083
BGM-2102,-0.0616218809315326,0.426981464380657,0.0729964155131366,0.0637377637361305
BGM-2111,0.63054791303184,1.74772983142513,1.09368851591514,1.04448862499547
BGM-2119,-0.476467074568313,-1.0428843859542,-0.649698041645265,-0.667105392733743
BGM-2120,-0.261767301016587,-0.146523798861514,-0.0722763014429457,-0.32153913926728
BGM-2123,0.0702164416836992,0.339817913910764,-0.0949659605941765,-0.318314148918342
BGM-2279,-0.355844262434485,0.432482411362204,0.357759774758131,0.199724623506945
BR-11-34-41,0.0696644710092397,-0.393684480556854,0.049674685360942,-0.0245148390750495
BR-11-34-45,0.164222343846924,-0.0920903899659014,0.353040115053637,0.290309017353329
BR-11-34-64,0.250868691806568,-0.225566726022867,-0.0710950292498757,-0.125794709244136
BR-12-107-002,0.347345367439619,-1.1630767092052,-0.0122209025038684,0.054388079341596
BRS-Amansa-Burro,0.549480607969627,0.0180093663535839,0.201181272977491,0.21455064083704
BRS-Caipira,-0.0629526242535283,-0.229729500448035,0.0794399320619852,0.109844262715267
BRS-Dourada,-0.00512703756712376,-0.283700943505731,0.160019991721498,0.110387681120488
BRS-Formosa,-0.0162572866702926,-0.432281423427214,-0.207042615654608,-0.235976520600408
BRS-Formosa-Tetra,-0.424231907392592,-0.315727812266833,0.396265297296416,0.409835213540354
BRS-Gema-de-Ovo,0.188826940808386,0.242283724172381,0.120032120293205,0.0798823156275821
BRS-Jari,0.31905668262049,-0.0517818426671277,0.0742041169027784,0.0349020540403374
BRS-Kiriris,0.283872056676955,0.277002458176985,-0.0631032233556934,-0.0326385874888301
BRS-Mulatinha,-0.494857998107892,0.0279923570870616,-0.229605827205842,-0.212437602866029
BRS-Novo-Horizonte,-0.112455671302643,-0.0403954180638196,0.0320054187648228,0.0616518810458918
BRS-Poti-Branca,-0.461467250798274,-0.0721947752463387,-0.218473660950836,-0.245833321899194
BRS-Tapioqueira,0.540255168489921,0.506664211568402,0.315870319292296,0.188311025530764
BRS-Verdinha,-0.249992517837612,-0.0944585824313723,-0.140548497165367,-0.15677807114424
TMEB14,-1.39675455480747,-1.3722831742917,0.271306779287796,0.153661208769533
